order_id,customer_id,product_id,product_price,order_quantity,order_date
0,008133,06,15.55,2,2025-05-01T09:00:00Z
0,008133,07,58.59,2,2025-05-01T09:00:00Z
0,008133,00,49.52,1,2025-05-01T09:00:00Z
0,008133,05,34.34,5,2025-05-01T09:00:00Z
1,009995,06,15.55,2,2025-05-01T09:01:00Z
1,009995,02,73.28,4,2025-05-01T09:01:00Z
2,000331,05,34.34,1,2025-05-01T09:02:00Z
3,009330,02,73.28,1,2025-05-01T09:03:00Z
3,009330,01,15.9,5,2025-05-01T09:03:00Z
3,009330,06,15.55,3,2025-05-01T09:03:00Z
3,009330,09,45.24,5,2025-05-01T09:03:00Z
4,009021,07,58.59,3,2025-05-01T09:04:00Z
4,009021,03,75.21,3,2025-05-01T09:04:00Z
4,009021,06,15.55,5,2025-05-01T09:04:00Z
4,009021,08,78.12,4,2025-05-01T09:04:00Z
4,009021,09,45.24,1,2025-05-01T09:04:00Z
4,009021,04,44.36,3,2025-05-01T09:04:00Z
5,006615,03,75.21,4,2025-05-01T09:05:00Z
5,006615,06,15.55,3,2025-05-01T09:05:00Z
5,006615,02,73.28,4,2025-05-01T09:05:00Z
5,006615,04,44.36,1,2025-05-01T09:05:00Z
5,006615,09,45.24,2,2025-05-01T09:05:00Z
5,006615,00,49.52,5,2025-05-01T09:05:00Z
5,006615,08,78.12,3,2025-05-01T09:05:00Z
6,009758,04,44.36,3,2025-05-01T09:06:00Z
6,009758,09,45.24,5,2025-05-01T09:06:00Z
6,009758,08,78.12,4,2025-05-01T09:06:00Z
6,009758,03,75.21,2,2025-05-01T09:06:00Z
6,009758,00,49.52,5,2025-05-01T09:06:00Z
6,009758,07,58.59,1,2025-05-01T09:06:00Z
6,009758,06,15.55,2,2025-05-01T09:06:00Z
6,009758,05,34.34,5,2025-05-01T09:06:00Z
6,009758,02,73.28,5,2025-05-01T09:06:00Z
7,007504,06,15.55,1,2025-05-01T09:07:00Z
7,007504,05,34.34,4,2025-05-01T09:07:00Z
7,007504,09,45.24,3,2025-05-01T09:07:00Z
7,007504,00,49.52,3,2025-05-01T09:07:00Z
7,007504,01,15.9,2,2025-05-01T09:07:00Z
7,007504,07,58.59,3,2025-05-01T09:07:00Z
8,002132,08,78.12,3,2025-05-01T09:08:00Z
8,002132,07,58.59,5,2025-05-01T09:08:00Z
8,002132,05,34.34,4,2025-05-01T09:08:00Z
8,002132,06,15.55,2,2025-05-01T09:08:00Z
8,002132,09,45.24,5,2025-05-01T09:08:00Z
8,002132,02,73.28,2,2025-05-01T09:08:00Z
8,002132,03,75.21,1,2025-05-01T09:08:00Z
9,009326,05,34.34,1,2025-05-01T09:09:00Z
9,009326,01,15.9,1,2025-05-01T09:09:00Z
9,009326,08,78.12,1,2025-05-01T09:09:00Z
9,009326,07,58.59,2,2025-05-01T09:09:00Z
9,009326,09,45.24,4,2025-05-01T09:09:00Z
9,009326,00,49.52,3,2025-05-01T09:09:00Z
10,006016,05,34.34,3,2025-05-01T09:10:00Z
10,006016,00,49.52,4,2025-05-01T09:10:00Z
11,004188,05,34.34,1,2025-05-01T09:11:00Z
11,004188,09,45.24,1,2025-05-01T09:11:00Z
11,004188,08,78.12,5,2025-05-01T09:11:00Z
12,003224,03,75.21,1,2025-05-01T09:12:00Z
12,003224,07,58.59,5,2025-05-01T09:12:00Z
12,003224,08,78.12,2,2025-05-01T09:12:00Z
12,003224,02,73.28,3,2025-05-01T09:12:00Z
12,003224,06,15.55,4,2025-05-01T09:12:00Z
12,003224,04,44.36,2,2025-05-01T09:12:00Z
12,003224,09,45.24,1,2025-05-01T09:12:00Z
14,000156,07,58.59,5,2025-05-01T09:14:00Z
14,000156,08,78.12,3,2025-05-01T09:14:00Z
14,000156,09,45.24,5,2025-05-01T09:14:00Z
14,000156,04,44.36,4,2025-05-01T09:14:00Z
15,005458,07,58.59,1,2025-05-01T09:15:00Z
15,005458,08,78.12,1,2025-05-01T09:15:00Z
15,005458,05,34.34,5,2025-05-01T09:15:00Z
15,005458,01,15.9,3,2025-05-01T09:15:00Z
15,005458,09,45.24,2,2025-05-01T09:15:00Z
16,004651,06,15.55,3,2025-05-01T09:16:00Z
16,004651,03,75.21,5,2025-05-01T09:16:00Z
16,004651,02,73.28,4,2025-05-01T09:16:00Z
16,004651,00,49.52,4,2025-05-01T09:16:00Z
16,004651,09,45.24,3,2025-05-01T09:16:00Z
17,000424,05,34.34,4,2025-05-01T09:17:00Z
17,000424,07,58.59,5,2025-05-01T09:17:00Z
17,000424,06,15.55,1,2025-05-01T09:17:00Z
17,000424,00,49.52,5,2025-05-01T09:17:00Z
17,000424,08,78.12,5,2025-05-01T09:17:00Z
17,000424,04,44.36,3,2025-05-01T09:17:00Z
18,006270,00,49.52,5,2025-05-01T09:18:00Z
18,006270,06,15.55,2,2025-05-01T09:18:00Z
18,006270,07,58.59,1,2025-05-01T09:18:00Z
18,006270,08,78.12,2,2025-05-01T09:18:00Z
18,006270,02,73.28,4,2025-05-01T09:18:00Z
19,002177,06,15.55,1,2025-05-01T09:19:00Z
19,002177,08,78.12,5,2025-05-01T09:19:00Z
19,002177,04,44.36,4,2025-05-01T09:19:00Z
19,002177,09,45.24,2,2025-05-01T09:19:00Z
19,002177,00,49.52,1,2025-05-01T09:19:00Z
19,002177,01,15.9,5,2025-05-01T09:19:00Z
20,008081,04,44.36,4,2025-05-01T09:20:00Z
21,004345,06,15.55,4,2025-05-01T09:21:00Z
21,004345,03,75.21,1,2025-05-01T09:21:00Z
21,004345,04,44.36,3,2025-05-01T09:21:00Z
21,004345,07,58.59,5,2025-05-01T09:21:00Z
21,004345,00,49.52,4,2025-05-01T09:21:00Z
21,004345,08,78.12,1,2025-05-01T09:21:00Z
21,004345,01,15.9,4,2025-05-01T09:21:00Z
21,004345,02,73.28,3,2025-05-01T09:21:00Z
21,004345,09,45.24,3,2025-05-01T09:21:00Z
22,007685,05,34.34,5,2025-05-01T09:22:00Z
22,007685,02,73.28,5,2025-05-01T09:22:00Z
22,007685,04,44.36,2,2025-05-01T09:22:00Z
23,007728,02,73.28,5,2025-05-01T09:23:00Z
23,007728,05,34.34,5,2025-05-01T09:23:00Z
23,007728,08,78.12,4,2025-05-01T09:23:00Z
24,002684,00,49.52,3,2025-05-01T09:24:00Z
24,002684,04,44.36,5,2025-05-01T09:24:00Z
24,002684,05,34.34,4,2025-05-01T09:24:00Z
24,002684,09,45.24,3,2025-05-01T09:24:00Z
25,009697,07,58.59,2,2025-05-01T09:25:00Z
25,009697,00,49.52,4,2025-05-01T09:25:00Z
26,003912,06,15.55,5,2025-05-01T09:26:00Z
26,003912,04,44.36,2,2025-05-01T09:26:00Z
26,003912,09,45.24,5,2025-05-01T09:26:00Z
26,003912,07,58.59,1,2025-05-01T09:26:00Z
26,003912,03,75.21,5,2025-05-01T09:26:00Z
26,003912,02,73.28,3,2025-05-01T09:26:00Z
27,009131,09,45.24,1,2025-05-01T09:27:00Z
27,009131,02,73.28,4,2025-05-01T09:27:00Z
27,009131,01,15.9,3,2025-05-01T09:27:00Z
28,006982,01,15.9,4,2025-05-01T09:28:00Z
28,006982,03,75.21,4,2025-05-01T09:28:00Z
30,006241,00,49.52,4,2025-05-01T09:30:00Z
30,006241,03,75.21,4,2025-05-01T09:30:00Z
30,006241,04,44.36,5,2025-05-01T09:30:00Z
30,006241,06,15.55,5,2025-05-01T09:30:00Z
30,006241,09,45.24,1,2025-05-01T09:30:00Z
30,006241,02,73.28,3,2025-05-01T09:30:00Z
30,006241,07,58.59,1,2025-05-01T09:30:00Z
31,002634,04,44.36,4,2025-05-01T09:31:00Z
31,002634,06,15.55,1,2025-05-01T09:31:00Z
31,002634,09,45.24,3,2025-05-01T09:31:00Z
31,002634,07,58.59,3,2025-05-01T09:31:00Z
31,002634,01,15.9,1,2025-05-01T09:31:00Z
31,002634,08,78.12,5,2025-05-01T09:31:00Z
31,002634,03,75.21,1,2025-05-01T09:31:00Z
31,002634,00,49.52,3,2025-05-01T09:31:00Z
32,001897,02,73.28,3,2025-05-01T09:32:00Z
32,001897,04,44.36,4,2025-05-01T09:32:00Z
32,001897,01,15.9,2,2025-05-01T09:32:00Z
32,001897,00,49.52,5,2025-05-01T09:32:00Z
32,001897,06,15.55,3,2025-05-01T09:32:00Z
32,001897,08,78.12,2,2025-05-01T09:32:00Z
32,001897,07,58.59,5,2025-05-01T09:32:00Z
34,002613,04,44.36,3,2025-05-01T09:34:00Z
34,002613,01,15.9,3,2025-05-01T09:34:00Z
34,002613,06,15.55,3,2025-05-01T09:34:00Z
34,002613,09,45.24,3,2025-05-01T09:34:00Z
34,002613,03,75.21,4,2025-05-01T09:34:00Z
35,004805,01,15.9,4,2025-05-01T09:35:00Z
35,004805,08,78.12,2,2025-05-01T09:35:00Z
36,009229,01,15.9,4,2025-05-01T09:36:00Z
36,009229,09,45.24,3,2025-05-01T09:36:00Z
36,009229,04,44.36,4,2025-05-01T09:36:00Z
36,009229,06,15.55,3,2025-05-01T09:36:00Z
37,002563,02,73.28,2,2025-05-01T09:37:00Z
38,006137,01,15.9,5,2025-05-01T09:38:00Z
39,003143,02,73.28,1,2025-05-01T09:39:00Z
40,002618,02,73.28,1,2025-05-01T09:40:00Z
40,002618,09,45.24,5,2025-05-01T09:40:00Z
40,002618,04,44.36,1,2025-05-01T09:40:00Z
40,002618,01,15.9,4,2025-05-01T09:40:00Z
40,002618,03,75.21,5,2025-05-01T09:40:00Z
41,000495,01,15.9,3,2025-05-01T09:41:00Z
41,000495,06,15.55,2,2025-05-01T09:41:00Z
41,000495,09,45.24,4,2025-05-01T09:41:00Z
41,000495,05,34.34,2,2025-05-01T09:41:00Z
41,000495,07,58.59,4,2025-05-01T09:41:00Z
41,000495,03,75.21,3,2025-05-01T09:41:00Z
41,000495,02,73.28,4,2025-05-01T09:41:00Z
41,000495,00,49.52,1,2025-05-01T09:41:00Z
41,000495,08,78.12,5,2025-05-01T09:41:00Z
42,006771,06,15.55,3,2025-05-01T09:42:00Z
42,006771,09,45.24,4,2025-05-01T09:42:00Z
42,006771,03,75.21,1,2025-05-01T09:42:00Z
44,007268,04,44.36,3,2025-05-01T09:44:00Z
44,007268,02,73.28,3,2025-05-01T09:44:00Z
44,007268,05,34.34,1,2025-05-01T09:44:00Z
44,007268,08,78.12,5,2025-05-01T09:44:00Z
44,007268,01,15.9,1,2025-05-01T09:44:00Z
44,007268,09,45.24,4,2025-05-01T09:44:00Z
45,006000,02,73.28,5,2025-05-01T09:45:00Z
45,006000,08,78.12,3,2025-05-01T09:45:00Z
45,006000,03,75.21,2,2025-05-01T09:45:00Z
45,006000,09,45.24,2,2025-05-01T09:45:00Z
45,006000,05,34.34,2,2025-05-01T09:45:00Z
45,006000,07,58.59,4,2025-05-01T09:45:00Z
47,002598,00,49.52,5,2025-05-01T09:47:00Z
47,002598,09,45.24,4,2025-05-01T09:47:00Z
47,002598,02,73.28,3,2025-05-01T09:47:00Z
47,002598,01,15.9,5,2025-05-01T09:47:00Z
47,002598,06,15.55,2,2025-05-01T09:47:00Z
49,008910,07,58.59,3,2025-05-01T09:49:00Z
49,008910,01,15.9,1,2025-05-01T09:49:00Z
49,008910,09,45.24,5,2025-05-01T09:49:00Z
49,008910,04,44.36,5,2025-05-01T09:49:00Z
49,008910,03,75.21,4,2025-05-01T09:49:00Z
49,008910,00,49.52,2,2025-05-01T09:49:00Z
49,008910,05,34.34,2,2025-05-01T09:49:00Z
49,008910,06,15.55,2,2025-05-01T09:49:00Z
51,001926,04,44.36,1,2025-05-01T09:51:00Z
52,008470,09,45.24,5,2025-05-01T09:52:00Z
52,008470,03,75.21,2,2025-05-01T09:52:00Z
53,002742,08,78.12,5,2025-05-01T09:53:00Z
53,002742,03,75.21,1,2025-05-01T09:53:00Z
53,002742,07,58.59,5,2025-05-01T09:53:00Z
53,002742,06,15.55,2,2025-05-01T09:53:00Z
53,002742,02,73.28,3,2025-05-01T09:53:00Z
53,002742,09,45.24,3,2025-05-01T09:53:00Z
54,003110,00,49.52,4,2025-05-01T09:54:00Z
54,003110,05,34.34,3,2025-05-01T09:54:00Z
55,006814,03,75.21,4,2025-05-01T09:55:00Z
55,006814,08,78.12,2,2025-05-01T09:55:00Z
55,006814,02,73.28,3,2025-05-01T09:55:00Z
55,006814,01,15.9,1,2025-05-01T09:55:00Z
55,006814,00,49.52,4,2025-05-01T09:55:00Z
55,006814,06,15.55,5,2025-05-01T09:55:00Z
55,006814,09,45.24,2,2025-05-01T09:55:00Z
56,002184,02,73.28,2,2025-05-01T09:56:00Z
57,002244,08,78.12,5,2025-05-01T09:57:00Z
57,002244,06,15.55,3,2025-05-01T09:57:00Z
57,002244,09,45.24,3,2025-05-01T09:57:00Z
57,002244,05,34.34,5,2025-05-01T09:57:00Z
57,002244,07,58.59,1,2025-05-01T09:57:00Z
57,002244,02,73.28,5,2025-05-01T09:57:00Z
57,002244,01,15.9,4,2025-05-01T09:57:00Z
57,002244,03,75.21,2,2025-05-01T09:57:00Z
57,002244,00,49.52,3,2025-05-01T09:57:00Z
58,005116,02,73.28,2,2025-05-01T09:58:00Z
59,009910,00,49.52,5,2025-05-01T09:59:00Z
60,008672,03,75.21,3,2025-05-01T10:00:00Z
60,008672,05,34.34,1,2025-05-01T10:00:00Z
60,008672,04,44.36,3,2025-05-01T10:00:00Z
60,008672,06,15.55,1,2025-05-01T10:00:00Z
60,008672,09,45.24,3,2025-05-01T10:00:00Z
61,002374,01,15.9,4,2025-05-01T10:01:00Z
61,002374,00,49.52,3,2025-05-01T10:01:00Z
61,002374,07,58.59,1,2025-05-01T10:01:00Z
61,002374,02,73.28,2,2025-05-01T10:01:00Z
61,002374,08,78.12,2,2025-05-01T10:01:00Z
61,002374,05,34.34,5,2025-05-01T10:01:00Z
61,002374,03,75.21,3,2025-05-01T10:01:00Z
61,002374,04,44.36,4,2025-05-01T10:01:00Z
62,002884,05,34.34,3,2025-05-01T10:02:00Z
62,002884,00,49.52,3,2025-05-01T10:02:00Z
62,002884,09,45.24,3,2025-05-01T10:02:00Z
62,002884,04,44.36,5,2025-05-01T10:02:00Z
62,002884,03,75.21,1,2025-05-01T10:02:00Z
62,002884,08,78.12,1,2025-05-01T10:02:00Z
62,002884,01,15.9,3,2025-05-01T10:02:00Z
63,003794,07,58.59,5,2025-05-01T10:03:00Z
63,003794,01,15.9,2,2025-05-01T10:03:00Z
63,003794,09,45.24,2,2025-05-01T10:03:00Z
63,003794,03,75.21,1,2025-05-01T10:03:00Z
63,003794,05,34.34,5,2025-05-01T10:03:00Z
63,003794,00,49.52,4,2025-05-01T10:03:00Z
63,003794,08,78.12,4,2025-05-01T10:03:00Z
63,003794,04,44.36,3,2025-05-01T10:03:00Z
65,006684,00,49.52,5,2025-05-01T10:05:00Z
65,006684,07,58.59,3,2025-05-01T10:05:00Z
66,004410,08,78.12,3,2025-05-01T10:06:00Z
66,004410,04,44.36,4,2025-05-01T10:06:00Z
66,004410,06,15.55,1,2025-05-01T10:06:00Z
66,004410,05,34.34,4,2025-05-01T10:06:00Z
67,006683,08,78.12,3,2025-05-01T10:07:00Z
67,006683,06,15.55,2,2025-05-01T10:07:00Z
67,006683,05,34.34,5,2025-05-01T10:07:00Z
67,006683,04,44.36,1,2025-05-01T10:07:00Z
67,006683,02,73.28,4,2025-05-01T10:07:00Z
68,002921,04,44.36,4,2025-05-01T10:08:00Z
68,002921,09,45.24,5,2025-05-01T10:08:00Z
68,002921,06,15.55,3,2025-05-01T10:08:00Z
69,001844,00,49.52,5,2025-05-01T10:09:00Z
70,000187,01,15.9,2,2025-05-01T10:10:00Z
70,000187,06,15.55,1,2025-05-01T10:10:00Z
71,002071,08,78.12,2,2025-05-01T10:11:00Z
71,002071,06,15.55,2,2025-05-01T10:11:00Z
71,002071,02,73.28,3,2025-05-01T10:11:00Z
71,002071,05,34.34,3,2025-05-01T10:11:00Z
71,002071,07,58.59,2,2025-05-01T10:11:00Z
71,002071,03,75.21,3,2025-05-01T10:11:00Z
71,002071,09,45.24,4,2025-05-01T10:11:00Z
72,007092,08,78.12,2,2025-05-01T10:12:00Z
72,007092,07,58.59,4,2025-05-01T10:12:00Z
72,007092,02,73.28,2,2025-05-01T10:12:00Z
72,007092,05,34.34,5,2025-05-01T10:12:00Z
72,007092,09,45.24,5,2025-05-01T10:12:00Z
72,007092,04,44.36,4,2025-05-01T10:12:00Z
72,007092,03,75.21,3,2025-05-01T10:12:00Z
72,007092,06,15.55,1,2025-05-01T10:12:00Z
72,007092,00,49.52,2,2025-05-01T10:12:00Z
73,000891,04,44.36,2,2025-05-01T10:13:00Z
73,000891,00,49.52,2,2025-05-01T10:13:00Z
73,000891,08,78.12,5,2025-05-01T10:13:00Z
73,000891,05,34.34,4,2025-05-01T10:13:00Z
73,000891,01,15.9,3,2025-05-01T10:13:00Z
73,000891,02,73.28,1,2025-05-01T10:13:00Z
73,000891,07,58.59,5,2025-05-01T10:13:00Z
74,000608,07,58.59,3,2025-05-01T10:14:00Z
74,000608,00,49.52,4,2025-05-01T10:14:00Z
74,000608,03,75.21,2,2025-05-01T10:14:00Z
74,000608,08,78.12,2,2025-05-01T10:14:00Z
74,000608,02,73.28,3,2025-05-01T10:14:00Z
74,000608,01,15.9,4,2025-05-01T10:14:00Z
74,000608,09,45.24,3,2025-05-01T10:14:00Z
74,000608,04,44.36,4,2025-05-01T10:14:00Z
75,001986,07,58.59,3,2025-05-01T10:15:00Z
75,001986,05,34.34,1,2025-05-01T10:15:00Z
75,001986,01,15.9,5,2025-05-01T10:15:00Z
75,001986,03,75.21,3,2025-05-01T10:15:00Z
75,001986,09,45.24,2,2025-05-01T10:15:00Z
75,001986,04,44.36,2,2025-05-01T10:15:00Z
75,001986,02,73.28,3,2025-05-01T10:15:00Z
76,008006,05,34.34,4,2025-05-01T10:16:00Z
76,008006,00,49.52,5,2025-05-01T10:16:00Z
76,008006,08,78.12,4,2025-05-01T10:16:00Z
76,008006,04,44.36,2,2025-05-01T10:16:00Z
76,008006,06,15.55,5,2025-05-01T10:16:00Z
76,008006,01,15.9,4,2025-05-01T10:16:00Z
77,004990,00,49.52,4,2025-05-01T10:17:00Z
77,004990,06,15.55,4,2025-05-01T10:17:00Z
77,004990,09,45.24,1,2025-05-01T10:17:00Z
77,004990,01,15.9,1,2025-05-01T10:17:00Z
78,001459,04,44.36,1,2025-05-01T10:18:00Z
78,001459,05,34.34,2,2025-05-01T10:18:00Z
78,001459,01,15.9,4,2025-05-01T10:18:00Z
78,001459,03,75.21,1,2025-05-01T10:18:00Z
78,001459,06,15.55,4,2025-05-01T10:18:00Z
78,001459,02,73.28,1,2025-05-01T10:18:00Z
79,008273,01,15.9,2,2025-05-01T10:19:00Z
79,008273,04,44.36,4,2025-05-01T10:19:00Z
79,008273,00,49.52,2,2025-05-01T10:19:00Z
79,008273,08,78.12,1,2025-05-01T10:19:00Z
79,008273,05,34.34,2,2025-05-01T10:19:00Z
80,004368,05,34.34,5,2025-05-01T10:20:00Z
80,004368,06,15.55,5,2025-05-01T10:20:00Z
80,004368,03,75.21,5,2025-05-01T10:20:00Z
80,004368,02,73.28,5,2025-05-01T10:20:00Z
80,004368,01,15.9,3,2025-05-01T10:20:00Z
80,004368,08,78.12,4,2025-05-01T10:20:00Z
80,004368,04,44.36,2,2025-05-01T10:20:00Z
80,004368,09,45.24,5,2025-05-01T10:20:00Z
80,004368,07,58.59,3,2025-05-01T10:20:00Z
81,004926,06,15.55,5,2025-05-01T10:21:00Z
81,004926,07,58.59,4,2025-05-01T10:21:00Z
81,004926,05,34.34,5,2025-05-01T10:21:00Z
81,004926,02,73.28,2,2025-05-01T10:21:00Z
82,009907,01,15.9,2,2025-05-01T10:22:00Z
82,009907,04,44.36,3,2025-05-01T10:22:00Z
83,004475,02,73.28,1,2025-05-01T10:23:00Z
83,004475,09,45.24,5,2025-05-01T10:23:00Z
83,004475,01,15.9,2,2025-05-01T10:23:00Z
83,004475,06,15.55,2,2025-05-01T10:23:00Z
83,004475,07,58.59,5,2025-05-01T10:23:00Z
84,006861,03,75.21,1,2025-05-01T10:24:00Z
84,006861,07,58.59,3,2025-05-01T10:24:00Z
84,006861,09,45.24,1,2025-05-01T10:24:00Z
84,006861,04,44.36,5,2025-05-01T10:24:00Z
84,006861,06,15.55,1,2025-05-01T10:24:00Z
84,006861,00,49.52,1,2025-05-01T10:24:00Z
84,006861,02,73.28,4,2025-05-01T10:24:00Z
84,006861,08,78.12,4,2025-05-01T10:24:00Z
85,009613,08,78.12,4,2025-05-01T10:25:00Z
85,009613,04,44.36,3,2025-05-01T10:25:00Z
86,006537,03,75.21,3,2025-05-01T10:26:00Z
86,006537,07,58.59,1,2025-05-01T10:26:00Z
86,006537,01,15.9,5,2025-05-01T10:26:00Z
86,006537,05,34.34,5,2025-05-01T10:26:00Z
86,006537,08,78.12,1,2025-05-01T10:26:00Z
86,006537,04,44.36,5,2025-05-01T10:26:00Z
86,006537,02,73.28,3,2025-05-01T10:26:00Z
86,006537,00,49.52,1,2025-05-01T10:26:00Z
87,008779,09,45.24,4,2025-05-01T10:27:00Z
87,008779,07,58.59,3,2025-05-01T10:27:00Z
87,008779,01,15.9,5,2025-05-01T10:27:00Z
87,008779,02,73.28,1,2025-05-01T10:27:00Z
87,008779,03,75.21,5,2025-05-01T10:27:00Z
88,007167,00,49.52,2,2025-05-01T10:28:00Z
88,007167,08,78.12,4,2025-05-01T10:28:00Z
88,007167,02,73.28,2,2025-05-01T10:28:00Z
88,007167,05,34.34,1,2025-05-01T10:28:00Z
88,007167,07,58.59,1,2025-05-01T10:28:00Z
89,008605,01,15.9,4,2025-05-01T10:29:00Z
89,008605,03,75.21,4,2025-05-01T10:29:00Z
89,008605,05,34.34,5,2025-05-01T10:29:00Z
90,003796,03,75.21,5,2025-05-01T10:30:00Z
90,003796,07,58.59,2,2025-05-01T10:30:00Z
90,003796,02,73.28,3,2025-05-01T10:30:00Z
90,003796,00,49.52,5,2025-05-01T10:30:00Z
90,003796,05,34.34,1,2025-05-01T10:30:00Z
90,003796,04,44.36,2,2025-05-01T10:30:00Z
90,003796,06,15.55,3,2025-05-01T10:30:00Z
91,007640,00,49.52,3,2025-05-01T10:31:00Z
91,007640,08,78.12,2,2025-05-01T10:31:00Z
91,007640,01,15.9,5,2025-05-01T10:31:00Z
91,007640,02,73.28,1,2025-05-01T10:31:00Z
91,007640,09,45.24,4,2025-05-01T10:31:00Z
92,004200,06,15.55,5,2025-05-01T10:32:00Z
92,004200,08,78.12,4,2025-05-01T10:32:00Z
92,004200,01,15.9,4,2025-05-01T10:32:00Z
92,004200,03,75.21,1,2025-05-01T10:32:00Z
92,004200,02,73.28,4,2025-05-01T10:32:00Z
92,004200,07,58.59,1,2025-05-01T10:32:00Z
92,004200,00,49.52,2,2025-05-01T10:32:00Z
92,004200,05,34.34,2,2025-05-01T10:32:00Z
92,004200,04,44.36,2,2025-05-01T10:32:00Z
93,003542,09,45.24,3,2025-05-01T10:33:00Z
93,003542,04,44.36,5,2025-05-01T10:33:00Z
94,009594,06,15.55,1,2025-05-01T10:34:00Z
94,009594,04,44.36,5,2025-05-01T10:34:00Z
94,009594,05,34.34,1,2025-05-01T10:34:00Z
94,009594,07,58.59,2,2025-05-01T10:34:00Z
94,009594,02,73.28,5,2025-05-01T10:34:00Z
94,009594,08,78.12,3,2025-05-01T10:34:00Z
94,009594,03,75.21,4,2025-05-01T10:34:00Z
94,009594,01,15.9,2,2025-05-01T10:34:00Z
94,009594,00,49.52,3,2025-05-01T10:34:00Z
95,007187,07,58.59,1,2025-05-01T10:35:00Z
95,007187,05,34.34,4,2025-05-01T10:35:00Z
95,007187,04,44.36,4,2025-05-01T10:35:00Z
96,001118,00,49.52,3,2025-05-01T10:36:00Z
96,001118,03,75.21,5,2025-05-01T10:36:00Z
97,001782,07,58.59,2,2025-05-01T10:37:00Z
98,004921,07,58.59,2,2025-05-01T10:38:00Z
98,004921,05,34.34,5,2025-05-01T10:38:00Z
98,004921,00,49.52,3,2025-05-01T10:38:00Z
99,008658,08,78.12,3,2025-05-01T10:39:00Z
100,004492,07,58.59,5,2025-05-01T10:40:00Z
100,004492,04,44.36,3,2025-05-01T10:40:00Z
100,004492,06,15.55,5,2025-05-01T10:40:00Z
100,004492,02,73.28,3,2025-05-01T10:40:00Z
100,004492,03,75.21,3,2025-05-01T10:40:00Z
100,004492,05,34.34,2,2025-05-01T10:40:00Z
100,004492,08,78.12,5,2025-05-01T10:40:00Z
100,004492,00,49.52,3,2025-05-01T10:40:00Z
100,004492,09,45.24,3,2025-05-01T10:40:00Z
101,002612,08,78.12,2,2025-05-01T10:41:00Z
101,002612,04,44.36,3,2025-05-01T10:41:00Z
101,002612,07,58.59,2,2025-05-01T10:41:00Z
101,002612,09,45.24,4,2025-05-01T10:41:00Z
101,002612,02,73.28,3,2025-05-01T10:41:00Z
101,002612,01,15.9,1,2025-05-01T10:41:00Z
101,002612,05,34.34,4,2025-05-01T10:41:00Z
101,002612,00,49.52,5,2025-05-01T10:41:00Z
102,009852,04,44.36,4,2025-05-01T10:42:00Z
102,009852,05,34.34,1,2025-05-01T10:42:00Z
102,009852,01,15.9,5,2025-05-01T10:42:00Z
102,009852,08,78.12,5,2025-05-01T10:42:00Z
103,009336,02,73.28,1,2025-05-01T10:43:00Z
103,009336,08,78.12,1,2025-05-01T10:43:00Z
103,009336,01,15.9,1,2025-05-01T10:43:00Z
104,001154,04,44.36,4,2025-05-01T10:44:00Z
104,001154,01,15.9,5,2025-05-01T10:44:00Z
104,001154,02,73.28,2,2025-05-01T10:44:00Z
104,001154,05,34.34,5,2025-05-01T10:44:00Z
104,001154,09,45.24,4,2025-05-01T10:44:00Z
105,009561,00,49.52,5,2025-05-01T10:45:00Z
105,009561,08,78.12,2,2025-05-01T10:45:00Z
105,009561,06,15.55,4,2025-05-01T10:45:00Z
105,009561,09,45.24,1,2025-05-01T10:45:00Z
106,004268,03,75.21,2,2025-05-01T10:46:00Z
106,004268,01,15.9,5,2025-05-01T10:46:00Z
106,004268,02,73.28,3,2025-05-01T10:46:00Z
106,004268,00,49.52,1,2025-05-01T10:46:00Z
106,004268,08,78.12,1,2025-05-01T10:46:00Z
106,004268,06,15.55,3,2025-05-01T10:46:00Z
106,004268,09,45.24,5,2025-05-01T10:46:00Z
106,004268,07,58.59,3,2025-05-01T10:46:00Z
106,004268,05,34.34,3,2025-05-01T10:46:00Z
107,008644,03,75.21,3,2025-05-01T10:47:00Z
107,008644,08,78.12,3,2025-05-01T10:47:00Z
107,008644,04,44.36,4,2025-05-01T10:47:00Z
108,000651,02,73.28,4,2025-05-01T10:48:00Z
108,000651,04,44.36,2,2025-05-01T10:48:00Z
108,000651,09,45.24,1,2025-05-01T10:48:00Z
108,000651,06,15.55,4,2025-05-01T10:48:00Z
109,006899,08,78.12,1,2025-05-01T10:49:00Z
109,006899,01,15.9,5,2025-05-01T10:49:00Z
109,006899,00,49.52,3,2025-05-01T10:49:00Z
109,006899,09,45.24,4,2025-05-01T10:49:00Z
109,006899,03,75.21,1,2025-05-01T10:49:00Z
109,006899,05,34.34,2,2025-05-01T10:49:00Z
111,002771,09,45.24,2,2025-05-01T10:51:00Z
111,002771,04,44.36,5,2025-05-01T10:51:00Z
112,002397,02,73.28,4,2025-05-01T10:52:00Z
112,002397,06,15.55,5,2025-05-01T10:52:00Z
112,002397,04,44.36,5,2025-05-01T10:52:00Z
112,002397,08,78.12,3,2025-05-01T10:52:00Z
113,005316,06,15.55,2,2025-05-01T10:53:00Z
113,005316,09,45.24,1,2025-05-01T10:53:00Z
114,003049,09,45.24,4,2025-05-01T10:54:00Z
114,003049,01,15.9,1,2025-05-01T10:54:00Z
114,003049,06,15.55,3,2025-05-01T10:54:00Z
114,003049,04,44.36,3,2025-05-01T10:54:00Z
114,003049,07,58.59,3,2025-05-01T10:54:00Z
115,001486,08,78.12,2,2025-05-01T10:55:00Z
115,001486,03,75.21,4,2025-05-01T10:55:00Z
115,001486,00,49.52,4,2025-05-01T10:55:00Z
115,001486,02,73.28,3,2025-05-01T10:55:00Z
115,001486,06,15.55,2,2025-05-01T10:55:00Z
115,001486,07,58.59,1,2025-05-01T10:55:00Z
115,001486,04,44.36,5,2025-05-01T10:55:00Z
115,001486,09,45.24,2,2025-05-01T10:55:00Z
116,000793,04,44.36,2,2025-05-01T10:56:00Z
116,000793,09,45.24,3,2025-05-01T10:56:00Z
116,000793,02,73.28,1,2025-05-01T10:56:00Z
116,000793,00,49.52,2,2025-05-01T10:56:00Z
116,000793,03,75.21,1,2025-05-01T10:56:00Z
116,000793,08,78.12,3,2025-05-01T10:56:00Z
117,009413,00,49.52,1,2025-05-01T10:57:00Z
117,009413,02,73.28,1,2025-05-01T10:57:00Z
117,009413,04,44.36,2,2025-05-01T10:57:00Z
117,009413,03,75.21,5,2025-05-01T10:57:00Z
118,003548,04,44.36,1,2025-05-01T10:58:00Z
118,003548,08,78.12,3,2025-05-01T10:58:00Z
118,003548,05,34.34,5,2025-05-01T10:58:00Z
118,003548,01,15.9,4,2025-05-01T10:58:00Z
118,003548,07,58.59,1,2025-05-01T10:58:00Z
118,003548,06,15.55,1,2025-05-01T10:58:00Z
119,001880,08,78.12,5,2025-05-01T10:59:00Z
119,001880,00,49.52,2,2025-05-01T10:59:00Z
119,001880,07,58.59,1,2025-05-01T10:59:00Z
119,001880,04,44.36,4,2025-05-01T10:59:00Z
119,001880,01,15.9,4,2025-05-01T10:59:00Z
119,001880,02,73.28,5,2025-05-01T10:59:00Z
119,001880,06,15.55,5,2025-05-01T10:59:00Z
120,006286,08,78.12,4,2025-05-01T11:00:00Z
120,006286,02,73.28,5,2025-05-01T11:00:00Z
120,006286,07,58.59,4,2025-05-01T11:00:00Z
120,006286,05,34.34,5,2025-05-01T11:00:00Z
120,006286,00,49.52,4,2025-05-01T11:00:00Z
120,006286,06,15.55,4,2025-05-01T11:00:00Z
120,006286,01,15.9,4,2025-05-01T11:00:00Z
121,005231,00,49.52,1,2025-05-01T11:01:00Z
121,005231,02,73.28,1,2025-05-01T11:01:00Z
121,005231,07,58.59,4,2025-05-01T11:01:00Z
122,007924,01,15.9,3,2025-05-01T11:02:00Z
124,008755,01,15.9,3,2025-05-01T11:04:00Z
124,008755,06,15.55,3,2025-05-01T11:04:00Z
124,008755,03,75.21,4,2025-05-01T11:04:00Z
124,008755,00,49.52,1,2025-05-01T11:04:00Z
124,008755,09,45.24,1,2025-05-01T11:04:00Z
124,008755,04,44.36,5,2025-05-01T11:04:00Z
124,008755,08,78.12,2,2025-05-01T11:04:00Z
124,008755,02,73.28,3,2025-05-01T11:04:00Z
124,008755,07,58.59,3,2025-05-01T11:04:00Z
125,006941,08,78.12,1,2025-05-01T11:05:00Z
125,006941,02,73.28,1,2025-05-01T11:05:00Z
125,006941,03,75.21,2,2025-05-01T11:05:00Z
125,006941,09,45.24,5,2025-05-01T11:05:00Z
125,006941,05,34.34,4,2025-05-01T11:05:00Z
125,006941,06,15.55,4,2025-05-01T11:05:00Z
125,006941,01,15.9,5,2025-05-01T11:05:00Z
125,006941,00,49.52,4,2025-05-01T11:05:00Z
126,009903,03,75.21,5,2025-05-01T11:06:00Z
126,009903,04,44.36,2,2025-05-01T11:06:00Z
126,009903,05,34.34,2,2025-05-01T11:06:00Z
126,009903,08,78.12,3,2025-05-01T11:06:00Z
126,009903,07,58.59,3,2025-05-01T11:06:00Z
126,009903,02,73.28,3,2025-05-01T11:06:00Z
126,009903,06,15.55,3,2025-05-01T11:06:00Z
126,009903,00,49.52,2,2025-05-01T11:06:00Z
127,007536,00,49.52,3,2025-05-01T11:07:00Z
127,007536,01,15.9,5,2025-05-01T11:07:00Z
127,007536,04,44.36,4,2025-05-01T11:07:00Z
127,007536,03,75.21,4,2025-05-01T11:07:00Z
127,007536,08,78.12,3,2025-05-01T11:07:00Z
127,007536,09,45.24,2,2025-05-01T11:07:00Z
127,007536,02,73.28,5,2025-05-01T11:07:00Z
127,007536,07,58.59,3,2025-05-01T11:07:00Z
128,000863,08,78.12,1,2025-05-01T11:08:00Z
128,000863,09,45.24,5,2025-05-01T11:08:00Z
128,000863,07,58.59,2,2025-05-01T11:08:00Z
128,000863,04,44.36,2,2025-05-01T11:08:00Z
128,000863,00,49.52,3,2025-05-01T11:08:00Z
128,000863,06,15.55,2,2025-05-01T11:08:00Z
128,000863,03,75.21,1,2025-05-01T11:08:00Z
129,009872,07,58.59,2,2025-05-01T11:09:00Z
129,009872,01,15.9,4,2025-05-01T11:09:00Z
130,005616,06,15.55,2,2025-05-01T11:10:00Z
130,005616,04,44.36,2,2025-05-01T11:10:00Z
130,005616,03,75.21,2,2025-05-01T11:10:00Z
130,005616,05,34.34,5,2025-05-01T11:10:00Z
130,005616,09,45.24,1,2025-05-01T11:10:00Z
130,005616,08,78.12,3,2025-05-01T11:10:00Z
131,005180,07,58.59,3,2025-05-01T11:11:00Z
131,005180,03,75.21,1,2025-05-01T11:11:00Z
132,003319,02,73.28,5,2025-05-01T11:12:00Z
133,008215,05,34.34,4,2025-05-01T11:13:00Z
133,008215,02,73.28,1,2025-05-01T11:13:00Z
133,008215,06,15.55,3,2025-05-01T11:13:00Z
133,008215,04,44.36,3,2025-05-01T11:13:00Z
133,008215,09,45.24,3,2025-05-01T11:13:00Z
133,008215,01,15.9,1,2025-05-01T11:13:00Z
133,008215,03,75.21,3,2025-05-01T11:13:00Z
134,002647,05,34.34,4,2025-05-01T11:14:00Z
134,002647,03,75.21,2,2025-05-01T11:14:00Z
134,002647,06,15.55,1,2025-05-01T11:14:00Z
134,002647,08,78.12,5,2025-05-01T11:14:00Z
134,002647,00,49.52,5,2025-05-01T11:14:00Z
134,002647,04,44.36,5,2025-05-01T11:14:00Z
135,003513,03,75.21,4,2025-05-01T11:15:00Z
135,003513,07,58.59,3,2025-05-01T11:15:00Z
135,003513,01,15.9,4,2025-05-01T11:15:00Z
136,005590,03,75.21,1,2025-05-01T11:16:00Z
136,005590,06,15.55,5,2025-05-01T11:16:00Z
136,005590,02,73.28,3,2025-05-01T11:16:00Z
136,005590,04,44.36,3,2025-05-01T11:16:00Z
136,005590,00,49.52,4,2025-05-01T11:16:00Z
136,005590,05,34.34,4,2025-05-01T11:16:00Z
136,005590,01,15.9,5,2025-05-01T11:16:00Z
136,005590,07,58.59,3,2025-05-01T11:16:00Z
137,003414,02,73.28,2,2025-05-01T11:17:00Z
137,003414,09,45.24,3,2025-05-01T11:17:00Z
137,003414,04,44.36,5,2025-05-01T11:17:00Z
137,003414,05,34.34,4,2025-05-01T11:17:00Z
137,003414,08,78.12,4,2025-05-01T11:17:00Z
139,005223,06,15.55,5,2025-05-01T11:19:00Z
139,005223,05,34.34,3,2025-05-01T11:19:00Z
139,005223,07,58.59,2,2025-05-01T11:19:00Z
139,005223,02,73.28,5,2025-05-01T11:19:00Z
139,005223,01,15.9,1,2025-05-01T11:19:00Z
140,006193,06,15.55,1,2025-05-01T11:20:00Z
141,003820,01,15.9,5,2025-05-01T11:21:00Z
142,004934,02,73.28,2,2025-05-01T11:22:00Z
142,004934,04,44.36,2,2025-05-01T11:22:00Z
142,004934,03,75.21,3,2025-05-01T11:22:00Z
143,000487,03,75.21,1,2025-05-01T11:23:00Z
143,000487,00,49.52,4,2025-05-01T11:23:00Z
143,000487,07,58.59,4,2025-05-01T11:23:00Z
143,000487,09,45.24,4,2025-05-01T11:23:00Z
143,000487,05,34.34,1,2025-05-01T11:23:00Z
143,000487,02,73.28,1,2025-05-01T11:23:00Z
143,000487,01,15.9,3,2025-05-01T11:23:00Z
143,000487,04,44.36,2,2025-05-01T11:23:00Z
144,008878,01,15.9,1,2025-05-01T11:24:00Z
144,008878,08,78.12,4,2025-05-01T11:24:00Z
144,008878,06,15.55,2,2025-05-01T11:24:00Z
144,008878,05,34.34,5,2025-05-01T11:24:00Z
145,009636,03,75.21,5,2025-05-01T11:25:00Z
145,009636,04,44.36,4,2025-05-01T11:25:00Z
145,009636,08,78.12,2,2025-05-01T11:25:00Z
145,009636,07,58.59,2,2025-05-01T11:25:00Z
146,000309,04,44.36,4,2025-05-01T11:26:00Z
146,000309,01,15.9,4,2025-05-01T11:26:00Z
146,000309,05,34.34,4,2025-05-01T11:26:00Z
146,000309,08,78.12,2,2025-05-01T11:26:00Z
146,000309,06,15.55,3,2025-05-01T11:26:00Z
147,008565,03,75.21,3,2025-05-01T11:27:00Z
147,008565,09,45.24,2,2025-05-01T11:27:00Z
147,008565,00,49.52,3,2025-05-01T11:27:00Z
147,008565,08,78.12,5,2025-05-01T11:27:00Z
147,008565,05,34.34,1,2025-05-01T11:27:00Z
147,008565,06,15.55,4,2025-05-01T11:27:00Z
147,008565,07,58.59,4,2025-05-01T11:27:00Z
147,008565,02,73.28,5,2025-05-01T11:27:00Z
149,008148,07,58.59,3,2025-05-01T11:29:00Z
149,008148,02,73.28,4,2025-05-01T11:29:00Z
149,008148,08,78.12,3,2025-05-01T11:29:00Z
149,008148,05,34.34,3,2025-05-01T11:29:00Z
149,008148,04,44.36,5,2025-05-01T11:29:00Z
149,008148,06,15.55,1,2025-05-01T11:29:00Z
151,001266,05,34.34,1,2025-05-01T11:31:00Z
151,001266,08,78.12,4,2025-05-01T11:31:00Z
151,001266,04,44.36,3,2025-05-01T11:31:00Z
152,008021,09,45.24,1,2025-05-01T11:32:00Z
152,008021,08,78.12,2,2025-05-01T11:32:00Z
152,008021,06,15.55,2,2025-05-01T11:32:00Z
153,003252,06,15.55,2,2025-05-01T11:33:00Z
153,003252,08,78.12,2,2025-05-01T11:33:00Z
153,003252,00,49.52,5,2025-05-01T11:33:00Z
153,003252,03,75.21,1,2025-05-01T11:33:00Z
153,003252,05,34.34,3,2025-05-01T11:33:00Z
155,002152,06,15.55,4,2025-05-01T11:35:00Z
155,002152,09,45.24,4,2025-05-01T11:35:00Z
155,002152,01,15.9,1,2025-05-01T11:35:00Z
155,002152,03,75.21,2,2025-05-01T11:35:00Z
155,002152,04,44.36,5,2025-05-01T11:35:00Z
155,002152,05,34.34,2,2025-05-01T11:35:00Z
156,003645,07,58.59,1,2025-05-01T11:36:00Z
156,003645,02,73.28,4,2025-05-01T11:36:00Z
156,003645,01,15.9,2,2025-05-01T11:36:00Z
156,003645,06,15.55,5,2025-05-01T11:36:00Z
157,007523,06,15.55,3,2025-05-01T11:37:00Z
157,007523,00,49.52,1,2025-05-01T11:37:00Z
157,007523,04,44.36,3,2025-05-01T11:37:00Z
157,007523,02,73.28,1,2025-05-01T11:37:00Z
157,007523,08,78.12,3,2025-05-01T11:37:00Z
157,007523,07,58.59,1,2025-05-01T11:37:00Z
158,005331,06,15.55,4,2025-05-01T11:38:00Z
158,005331,01,15.9,2,2025-05-01T11:38:00Z
158,005331,00,49.52,5,2025-05-01T11:38:00Z
158,005331,04,44.36,3,2025-05-01T11:38:00Z
158,005331,08,78.12,5,2025-05-01T11:38:00Z
158,005331,02,73.28,2,2025-05-01T11:38:00Z
158,005331,05,34.34,2,2025-05-01T11:38:00Z
158,005331,07,58.59,1,2025-05-01T11:38:00Z
158,005331,09,45.24,5,2025-05-01T11:38:00Z
160,002438,02,73.28,3,2025-05-01T11:40:00Z
160,002438,07,58.59,4,2025-05-01T11:40:00Z
160,002438,01,15.9,4,2025-05-01T11:40:00Z
160,002438,05,34.34,3,2025-05-01T11:40:00Z
160,002438,00,49.52,1,2025-05-01T11:40:00Z
160,002438,09,45.24,2,2025-05-01T11:40:00Z
160,002438,03,75.21,3,2025-05-01T11:40:00Z
161,009575,08,78.12,2,2025-05-01T11:41:00Z
161,009575,06,15.55,1,2025-05-01T11:41:00Z
161,009575,03,75.21,5,2025-05-01T11:41:00Z
161,009575,00,49.52,5,2025-05-01T11:41:00Z
161,009575,07,58.59,5,2025-05-01T11:41:00Z
161,009575,05,34.34,1,2025-05-01T11:41:00Z
161,009575,02,73.28,1,2025-05-01T11:41:00Z
161,009575,09,45.24,1,2025-05-01T11:41:00Z
161,009575,01,15.9,1,2025-05-01T11:41:00Z
162,004027,03,75.21,4,2025-05-01T11:42:00Z
162,004027,04,44.36,3,2025-05-01T11:42:00Z
162,004027,09,45.24,5,2025-05-01T11:42:00Z
162,004027,07,58.59,5,2025-05-01T11:42:00Z
162,004027,02,73.28,2,2025-05-01T11:42:00Z
162,004027,06,15.55,5,2025-05-01T11:42:00Z
163,000456,04,44.36,2,2025-05-01T11:43:00Z
163,000456,06,15.55,5,2025-05-01T11:43:00Z
163,000456,05,34.34,3,2025-05-01T11:43:00Z
164,004572,01,15.9,1,2025-05-01T11:44:00Z
164,004572,09,45.24,4,2025-05-01T11:44:00Z
164,004572,04,44.36,5,2025-05-01T11:44:00Z
164,004572,06,15.55,4,2025-05-01T11:44:00Z
164,004572,05,34.34,2,2025-05-01T11:44:00Z
164,004572,03,75.21,4,2025-05-01T11:44:00Z
164,004572,00,49.52,5,2025-05-01T11:44:00Z
165,002400,05,34.34,2,2025-05-01T11:45:00Z
165,002400,08,78.12,2,2025-05-01T11:45:00Z
165,002400,04,44.36,2,2025-05-01T11:45:00Z
165,002400,09,45.24,1,2025-05-01T11:45:00Z
165,002400,07,58.59,1,2025-05-01T11:45:00Z
165,002400,01,15.9,4,2025-05-01T11:45:00Z
165,002400,06,15.55,4,2025-05-01T11:45:00Z
165,002400,00,49.52,1,2025-05-01T11:45:00Z
166,007069,03,75.21,2,2025-05-01T11:46:00Z
166,007069,05,34.34,3,2025-05-01T11:46:00Z
166,007069,07,58.59,5,2025-05-01T11:46:00Z
166,007069,09,45.24,4,2025-05-01T11:46:00Z
167,001528,01,15.9,4,2025-05-01T11:47:00Z
167,001528,02,73.28,2,2025-05-01T11:47:00Z
167,001528,07,58.59,5,2025-05-01T11:47:00Z
167,001528,03,75.21,5,2025-05-01T11:47:00Z
167,001528,06,15.55,5,2025-05-01T11:47:00Z
167,001528,04,44.36,2,2025-05-01T11:47:00Z
168,002447,04,44.36,5,2025-05-01T11:48:00Z
169,007734,08,78.12,3,2025-05-01T11:49:00Z
169,007734,00,49.52,3,2025-05-01T11:49:00Z
169,007734,03,75.21,2,2025-05-01T11:49:00Z
169,007734,05,34.34,5,2025-05-01T11:49:00Z
169,007734,09,45.24,3,2025-05-01T11:49:00Z
169,007734,01,15.9,1,2025-05-01T11:49:00Z
170,008808,06,15.55,5,2025-05-01T11:50:00Z
170,008808,08,78.12,4,2025-05-01T11:50:00Z
170,008808,04,44.36,3,2025-05-01T11:50:00Z
170,008808,01,15.9,2,2025-05-01T11:50:00Z
170,008808,00,49.52,2,2025-05-01T11:50:00Z
170,008808,05,34.34,5,2025-05-01T11:50:00Z
170,008808,03,75.21,3,2025-05-01T11:50:00Z
170,008808,02,73.28,3,2025-05-01T11:50:00Z
172,004534,05,34.34,3,2025-05-01T11:52:00Z
172,004534,06,15.55,1,2025-05-01T11:52:00Z
172,004534,08,78.12,5,2025-05-01T11:52:00Z
172,004534,03,75.21,5,2025-05-01T11:52:00Z
172,004534,04,44.36,2,2025-05-01T11:52:00Z
172,004534,01,15.9,2,2025-05-01T11:52:00Z
172,004534,00,49.52,5,2025-05-01T11:52:00Z
173,008053,00,49.52,2,2025-05-01T11:53:00Z
173,008053,02,73.28,4,2025-05-01T11:53:00Z
173,008053,08,78.12,2,2025-05-01T11:53:00Z
173,008053,01,15.9,5,2025-05-01T11:53:00Z
173,008053,06,15.55,3,2025-05-01T11:53:00Z
173,008053,05,34.34,2,2025-05-01T11:53:00Z
174,008326,06,15.55,4,2025-05-01T11:54:00Z
176,003369,01,15.9,3,2025-05-01T11:56:00Z
176,003369,06,15.55,2,2025-05-01T11:56:00Z
176,003369,00,49.52,5,2025-05-01T11:56:00Z
176,003369,04,44.36,3,2025-05-01T11:56:00Z
176,003369,05,34.34,4,2025-05-01T11:56:00Z
176,003369,02,73.28,4,2025-05-01T11:56:00Z
176,003369,03,75.21,5,2025-05-01T11:56:00Z
177,008628,00,49.52,2,2025-05-01T11:57:00Z
177,008628,04,44.36,4,2025-05-01T11:57:00Z
180,000833,05,34.34,4,2025-05-01T12:00:00Z
181,000692,03,75.21,5,2025-05-01T12:01:00Z
181,000692,09,45.24,5,2025-05-01T12:01:00Z
181,000692,06,15.55,5,2025-05-01T12:01:00Z
182,001756,05,34.34,4,2025-05-01T12:02:00Z
182,001756,07,58.59,5,2025-05-01T12:02:00Z
182,001756,06,15.55,3,2025-05-01T12:02:00Z
182,001756,04,44.36,1,2025-05-01T12:02:00Z
182,001756,01,15.9,5,2025-05-01T12:02:00Z
182,001756,08,78.12,1,2025-05-01T12:02:00Z
182,001756,03,75.21,1,2025-05-01T12:02:00Z
182,001756,02,73.28,4,2025-05-01T12:02:00Z
183,007331,09,45.24,1,2025-05-01T12:03:00Z
183,007331,00,49.52,4,2025-05-01T12:03:00Z
183,007331,01,15.9,4,2025-05-01T12:03:00Z
183,007331,04,44.36,3,2025-05-01T12:03:00Z
183,007331,06,15.55,1,2025-05-01T12:03:00Z
183,007331,05,34.34,1,2025-05-01T12:03:00Z
183,007331,02,73.28,2,2025-05-01T12:03:00Z
183,007331,03,75.21,1,2025-05-01T12:03:00Z
184,004432,06,15.55,2,2025-05-01T12:04:00Z
184,004432,00,49.52,3,2025-05-01T12:04:00Z
184,004432,07,58.59,5,2025-05-01T12:04:00Z
185,003285,07,58.59,3,2025-05-01T12:05:00Z
185,003285,08,78.12,3,2025-05-01T12:05:00Z
185,003285,01,15.9,3,2025-05-01T12:05:00Z
185,003285,05,34.34,1,2025-05-01T12:05:00Z
185,003285,00,49.52,1,2025-05-01T12:05:00Z
185,003285,09,45.24,4,2025-05-01T12:05:00Z
186,000584,03,75.21,5,2025-05-01T12:06:00Z
186,000584,09,45.24,2,2025-05-01T12:06:00Z
186,000584,00,49.52,3,2025-05-01T12:06:00Z
188,003920,09,45.24,2,2025-05-01T12:08:00Z
189,001294,06,15.55,4,2025-05-01T12:09:00Z
189,001294,07,58.59,3,2025-05-01T12:09:00Z
189,001294,04,44.36,5,2025-05-01T12:09:00Z
189,001294,09,45.24,2,2025-05-01T12:09:00Z
189,001294,00,49.52,5,2025-05-01T12:09:00Z
189,001294,05,34.34,2,2025-05-01T12:09:00Z
189,001294,01,15.9,3,2025-05-01T12:09:00Z
189,001294,08,78.12,5,2025-05-01T12:09:00Z
189,001294,02,73.28,5,2025-05-01T12:09:00Z
190,008895,07,58.59,2,2025-05-01T12:10:00Z
190,008895,04,44.36,1,2025-05-01T12:10:00Z
190,008895,09,45.24,2,2025-05-01T12:10:00Z
190,008895,05,34.34,3,2025-05-01T12:10:00Z
190,008895,08,78.12,1,2025-05-01T12:10:00Z
191,008789,02,73.28,2,2025-05-01T12:11:00Z
191,008789,04,44.36,1,2025-05-01T12:11:00Z
191,008789,05,34.34,2,2025-05-01T12:11:00Z
191,008789,00,49.52,5,2025-05-01T12:11:00Z
191,008789,08,78.12,3,2025-05-01T12:11:00Z
191,008789,06,15.55,4,2025-05-01T12:11:00Z
191,008789,03,75.21,1,2025-05-01T12:11:00Z
192,009576,03,75.21,2,2025-05-01T12:12:00Z
192,009576,07,58.59,4,2025-05-01T12:12:00Z
192,009576,06,15.55,4,2025-05-01T12:12:00Z
193,007766,01,15.9,5,2025-05-01T12:13:00Z
193,007766,03,75.21,3,2025-05-01T12:13:00Z
193,007766,07,58.59,1,2025-05-01T12:13:00Z
193,007766,08,78.12,2,2025-05-01T12:13:00Z
193,007766,09,45.24,3,2025-05-01T12:13:00Z
193,007766,02,73.28,3,2025-05-01T12:13:00Z
194,003577,05,34.34,4,2025-05-01T12:14:00Z
194,003577,07,58.59,5,2025-05-01T12:14:00Z
194,003577,04,44.36,5,2025-05-01T12:14:00Z
194,003577,03,75.21,4,2025-05-01T12:14:00Z
195,001861,01,15.9,1,2025-05-01T12:15:00Z
195,001861,09,45.24,5,2025-05-01T12:15:00Z
196,007796,06,15.55,5,2025-05-01T12:16:00Z
196,007796,07,58.59,4,2025-05-01T12:16:00Z
197,006768,07,58.59,5,2025-05-01T12:17:00Z
197,006768,03,75.21,2,2025-05-01T12:17:00Z
197,006768,04,44.36,4,2025-05-01T12:17:00Z
197,006768,09,45.24,4,2025-05-01T12:17:00Z
198,004767,00,49.52,4,2025-05-01T12:18:00Z
198,004767,02,73.28,1,2025-05-01T12:18:00Z
198,004767,07,58.59,4,2025-05-01T12:18:00Z
198,004767,06,15.55,5,2025-05-01T12:18:00Z
198,004767,09,45.24,3,2025-05-01T12:18:00Z
198,004767,08,78.12,4,2025-05-01T12:18:00Z
198,004767,05,34.34,4,2025-05-01T12:18:00Z
198,004767,04,44.36,3,2025-05-01T12:18:00Z
198,004767,03,75.21,2,2025-05-01T12:18:00Z
200,007896,05,34.34,5,2025-05-01T12:20:00Z
200,007896,04,44.36,2,2025-05-01T12:20:00Z
200,007896,06,15.55,5,2025-05-01T12:20:00Z
201,006508,00,49.52,5,2025-05-01T12:21:00Z
201,006508,02,73.28,1,2025-05-01T12:21:00Z
201,006508,01,15.9,3,2025-05-01T12:21:00Z
201,006508,03,75.21,5,2025-05-01T12:21:00Z
202,004599,09,45.24,5,2025-05-01T12:22:00Z
202,004599,03,75.21,1,2025-05-01T12:22:00Z
202,004599,04,44.36,2,2025-05-01T12:22:00Z
203,005184,01,15.9,4,2025-05-01T12:23:00Z
203,005184,04,44.36,5,2025-05-01T12:23:00Z
203,005184,06,15.55,4,2025-05-01T12:23:00Z
203,005184,03,75.21,4,2025-05-01T12:23:00Z
203,005184,02,73.28,2,2025-05-01T12:23:00Z
203,005184,07,58.59,4,2025-05-01T12:23:00Z
204,000564,04,44.36,1,2025-05-01T12:24:00Z
204,000564,02,73.28,1,2025-05-01T12:24:00Z
204,000564,00,49.52,5,2025-05-01T12:24:00Z
206,003893,05,34.34,3,2025-05-01T12:26:00Z
206,003893,07,58.59,3,2025-05-01T12:26:00Z
207,000647,08,78.12,2,2025-05-01T12:27:00Z
207,000647,05,34.34,2,2025-05-01T12:27:00Z
207,000647,01,15.9,5,2025-05-01T12:27:00Z
207,000647,07,58.59,2,2025-05-01T12:27:00Z
207,000647,06,15.55,4,2025-05-01T12:27:00Z
207,000647,03,75.21,1,2025-05-01T12:27:00Z
207,000647,00,49.52,5,2025-05-01T12:27:00Z
207,000647,09,45.24,5,2025-05-01T12:27:00Z
207,000647,04,44.36,5,2025-05-01T12:27:00Z
208,007221,09,45.24,4,2025-05-01T12:28:00Z
208,007221,01,15.9,3,2025-05-01T12:28:00Z
208,007221,03,75.21,4,2025-05-01T12:28:00Z
208,007221,05,34.34,2,2025-05-01T12:28:00Z
208,007221,08,78.12,1,2025-05-01T12:28:00Z
208,007221,06,15.55,3,2025-05-01T12:28:00Z
208,007221,07,58.59,1,2025-05-01T12:28:00Z
208,007221,04,44.36,5,2025-05-01T12:28:00Z
209,009979,04,44.36,1,2025-05-01T12:29:00Z
210,002572,05,34.34,4,2025-05-01T12:30:00Z
210,002572,02,73.28,4,2025-05-01T12:30:00Z
210,002572,00,49.52,3,2025-05-01T12:30:00Z
210,002572,09,45.24,1,2025-05-01T12:30:00Z
210,002572,04,44.36,1,2025-05-01T12:30:00Z
211,001959,08,78.12,3,2025-05-01T12:31:00Z
211,001959,02,73.28,4,2025-05-01T12:31:00Z
211,001959,06,15.55,2,2025-05-01T12:31:00Z
211,001959,05,34.34,5,2025-05-01T12:31:00Z
211,001959,01,15.9,2,2025-05-01T12:31:00Z
211,001959,03,75.21,2,2025-05-01T12:31:00Z
211,001959,07,58.59,4,2025-05-01T12:31:00Z
211,001959,09,45.24,5,2025-05-01T12:31:00Z
212,000118,05,34.34,4,2025-05-01T12:32:00Z
212,000118,08,78.12,2,2025-05-01T12:32:00Z
212,000118,02,73.28,5,2025-05-01T12:32:00Z
212,000118,06,15.55,1,2025-05-01T12:32:00Z
212,000118,09,45.24,1,2025-05-01T12:32:00Z
213,004739,00,49.52,5,2025-05-01T12:33:00Z
213,004739,02,73.28,4,2025-05-01T12:33:00Z
214,000425,06,15.55,2,2025-05-01T12:34:00Z
214,000425,03,75.21,2,2025-05-01T12:34:00Z
214,000425,08,78.12,3,2025-05-01T12:34:00Z
214,000425,04,44.36,1,2025-05-01T12:34:00Z
214,000425,07,58.59,5,2025-05-01T12:34:00Z
214,000425,02,73.28,3,2025-05-01T12:34:00Z
214,000425,05,34.34,5,2025-05-01T12:34:00Z
214,000425,09,45.24,1,2025-05-01T12:34:00Z
215,004359,00,49.52,2,2025-05-01T12:35:00Z
215,004359,01,15.9,5,2025-05-01T12:35:00Z
215,004359,04,44.36,2,2025-05-01T12:35:00Z
215,004359,09,45.24,5,2025-05-01T12:35:00Z
216,005962,09,45.24,3,2025-05-01T12:36:00Z
216,005962,01,15.9,4,2025-05-01T12:36:00Z
216,005962,06,15.55,5,2025-05-01T12:36:00Z
216,005962,07,58.59,5,2025-05-01T12:36:00Z
216,005962,02,73.28,5,2025-05-01T12:36:00Z
217,007546,06,15.55,4,2025-05-01T12:37:00Z
217,007546,04,44.36,3,2025-05-01T12:37:00Z
218,006716,06,15.55,5,2025-05-01T12:38:00Z
218,006716,02,73.28,2,2025-05-01T12:38:00Z
219,005426,07,58.59,1,2025-05-01T12:39:00Z
219,005426,03,75.21,2,2025-05-01T12:39:00Z
219,005426,08,78.12,1,2025-05-01T12:39:00Z
219,005426,06,15.55,5,2025-05-01T12:39:00Z
220,002846,03,75.21,1,2025-05-01T12:40:00Z
220,002846,05,34.34,1,2025-05-01T12:40:00Z
220,002846,02,73.28,1,2025-05-01T12:40:00Z
220,002846,09,45.24,5,2025-05-01T12:40:00Z
220,002846,01,15.9,2,2025-05-01T12:40:00Z
220,002846,04,44.36,3,2025-05-01T12:40:00Z
221,008647,09,45.24,4,2025-05-01T12:41:00Z
221,008647,08,78.12,4,2025-05-01T12:41:00Z
221,008647,01,15.9,5,2025-05-01T12:41:00Z
221,008647,00,49.52,1,2025-05-01T12:41:00Z
221,008647,04,44.36,2,2025-05-01T12:41:00Z
221,008647,07,58.59,4,2025-05-01T12:41:00Z
221,008647,02,73.28,2,2025-05-01T12:41:00Z
221,008647,03,75.21,2,2025-05-01T12:41:00Z
221,008647,06,15.55,5,2025-05-01T12:41:00Z
222,001015,08,78.12,2,2025-05-01T12:42:00Z
222,001015,04,44.36,4,2025-05-01T12:42:00Z
222,001015,05,34.34,1,2025-05-01T12:42:00Z
222,001015,01,15.9,3,2025-05-01T12:42:00Z
222,001015,03,75.21,2,2025-05-01T12:42:00Z
222,001015,09,45.24,4,2025-05-01T12:42:00Z
222,001015,00,49.52,5,2025-05-01T12:42:00Z
223,002751,02,73.28,4,2025-05-01T12:43:00Z
223,002751,06,15.55,2,2025-05-01T12:43:00Z
223,002751,01,15.9,1,2025-05-01T12:43:00Z
223,002751,03,75.21,5,2025-05-01T12:43:00Z
223,002751,08,78.12,4,2025-05-01T12:43:00Z
223,002751,07,58.59,1,2025-05-01T12:43:00Z
223,002751,05,34.34,4,2025-05-01T12:43:00Z
223,002751,04,44.36,1,2025-05-01T12:43:00Z
224,002543,07,58.59,2,2025-05-01T12:44:00Z
224,002543,04,44.36,3,2025-05-01T12:44:00Z
224,002543,00,49.52,3,2025-05-01T12:44:00Z
224,002543,03,75.21,5,2025-05-01T12:44:00Z
224,002543,08,78.12,2,2025-05-01T12:44:00Z
224,002543,05,34.34,2,2025-05-01T12:44:00Z
224,002543,01,15.9,1,2025-05-01T12:44:00Z
225,000912,08,78.12,4,2025-05-01T12:45:00Z
225,000912,04,44.36,4,2025-05-01T12:45:00Z
225,000912,07,58.59,2,2025-05-01T12:45:00Z
225,000912,01,15.9,1,2025-05-01T12:45:00Z
225,000912,09,45.24,5,2025-05-01T12:45:00Z
226,002956,01,15.9,1,2025-05-01T12:46:00Z
226,002956,07,58.59,1,2025-05-01T12:46:00Z
226,002956,03,75.21,1,2025-05-01T12:46:00Z
227,001932,05,34.34,5,2025-05-01T12:47:00Z
227,001932,06,15.55,1,2025-05-01T12:47:00Z
227,001932,02,73.28,3,2025-05-01T12:47:00Z
227,001932,00,49.52,1,2025-05-01T12:47:00Z
227,001932,09,45.24,1,2025-05-01T12:47:00Z
227,001932,07,58.59,5,2025-05-01T12:47:00Z
228,003287,04,44.36,3,2025-05-01T12:48:00Z
228,003287,02,73.28,1,2025-05-01T12:48:00Z
228,003287,08,78.12,1,2025-05-01T12:48:00Z
228,003287,01,15.9,1,2025-05-01T12:48:00Z
228,003287,05,34.34,2,2025-05-01T12:48:00Z
228,003287,00,49.52,5,2025-05-01T12:48:00Z
228,003287,06,15.55,1,2025-05-01T12:48:00Z
229,000841,04,44.36,3,2025-05-01T12:49:00Z
229,000841,02,73.28,1,2025-05-01T12:49:00Z
229,000841,03,75.21,4,2025-05-01T12:49:00Z
229,000841,00,49.52,2,2025-05-01T12:49:00Z
229,000841,05,34.34,5,2025-05-01T12:49:00Z
229,000841,08,78.12,4,2025-05-01T12:49:00Z
229,000841,01,15.9,3,2025-05-01T12:49:00Z
229,000841,06,15.55,1,2025-05-01T12:49:00Z
230,005679,02,73.28,3,2025-05-01T12:50:00Z
230,005679,03,75.21,5,2025-05-01T12:50:00Z
230,005679,08,78.12,4,2025-05-01T12:50:00Z
231,007062,07,58.59,1,2025-05-01T12:51:00Z
231,007062,09,45.24,1,2025-05-01T12:51:00Z
231,007062,06,15.55,1,2025-05-01T12:51:00Z
231,007062,01,15.9,4,2025-05-01T12:51:00Z
232,001869,00,49.52,5,2025-05-01T12:52:00Z
232,001869,04,44.36,5,2025-05-01T12:52:00Z
232,001869,08,78.12,3,2025-05-01T12:52:00Z
232,001869,09,45.24,2,2025-05-01T12:52:00Z
232,001869,02,73.28,3,2025-05-01T12:52:00Z
232,001869,07,58.59,2,2025-05-01T12:52:00Z
234,002512,05,34.34,2,2025-05-01T12:54:00Z
234,002512,01,15.9,4,2025-05-01T12:54:00Z
234,002512,08,78.12,4,2025-05-01T12:54:00Z
234,002512,04,44.36,3,2025-05-01T12:54:00Z
234,002512,03,75.21,5,2025-05-01T12:54:00Z
234,002512,07,58.59,1,2025-05-01T12:54:00Z
234,002512,00,49.52,3,2025-05-01T12:54:00Z
235,009430,02,73.28,5,2025-05-01T12:55:00Z
235,009430,06,15.55,4,2025-05-01T12:55:00Z
235,009430,08,78.12,3,2025-05-01T12:55:00Z
235,009430,09,45.24,4,2025-05-01T12:55:00Z
235,009430,01,15.9,4,2025-05-01T12:55:00Z
235,009430,05,34.34,3,2025-05-01T12:55:00Z
236,005299,02,73.28,5,2025-05-01T12:56:00Z
236,005299,03,75.21,3,2025-05-01T12:56:00Z
236,005299,08,78.12,3,2025-05-01T12:56:00Z
236,005299,07,58.59,4,2025-05-01T12:56:00Z
236,005299,00,49.52,1,2025-05-01T12:56:00Z
236,005299,05,34.34,5,2025-05-01T12:56:00Z
236,005299,01,15.9,4,2025-05-01T12:56:00Z
236,005299,09,45.24,1,2025-05-01T12:56:00Z
236,005299,06,15.55,4,2025-05-01T12:56:00Z
237,000058,03,75.21,5,2025-05-01T12:57:00Z
237,000058,07,58.59,3,2025-05-01T12:57:00Z
237,000058,06,15.55,3,2025-05-01T12:57:00Z
237,000058,00,49.52,5,2025-05-01T12:57:00Z
237,000058,01,15.9,4,2025-05-01T12:57:00Z
237,000058,05,34.34,3,2025-05-01T12:57:00Z
237,000058,08,78.12,3,2025-05-01T12:57:00Z
237,000058,02,73.28,4,2025-05-01T12:57:00Z
237,000058,04,44.36,3,2025-05-01T12:57:00Z
238,008561,05,34.34,1,2025-05-01T12:58:00Z
238,008561,02,73.28,4,2025-05-01T12:58:00Z
239,002830,07,58.59,5,2025-05-01T12:59:00Z
239,002830,06,15.55,2,2025-05-01T12:59:00Z
239,002830,09,45.24,3,2025-05-01T12:59:00Z
239,002830,02,73.28,1,2025-05-01T12:59:00Z
239,002830,05,34.34,3,2025-05-01T12:59:00Z
239,002830,00,49.52,3,2025-05-01T12:59:00Z
239,002830,03,75.21,2,2025-05-01T12:59:00Z
239,002830,04,44.36,4,2025-05-01T12:59:00Z
239,002830,01,15.9,4,2025-05-01T12:59:00Z
240,003141,06,15.55,2,2025-05-01T13:00:00Z
240,003141,00,49.52,5,2025-05-01T13:00:00Z
240,003141,02,73.28,1,2025-05-01T13:00:00Z
240,003141,01,15.9,3,2025-05-01T13:00:00Z
240,003141,07,58.59,2,2025-05-01T13:00:00Z
240,003141,03,75.21,2,2025-05-01T13:00:00Z
240,003141,09,45.24,4,2025-05-01T13:00:00Z
240,003141,04,44.36,2,2025-05-01T13:00:00Z
241,002953,02,73.28,2,2025-05-01T13:01:00Z
241,002953,05,34.34,5,2025-05-01T13:01:00Z
241,002953,07,58.59,5,2025-05-01T13:01:00Z
241,002953,06,15.55,1,2025-05-01T13:01:00Z
241,002953,00,49.52,4,2025-05-01T13:01:00Z
242,008765,06,15.55,4,2025-05-01T13:02:00Z
242,008765,09,45.24,3,2025-05-01T13:02:00Z
243,003573,05,34.34,3,2025-05-01T13:03:00Z
244,001347,07,58.59,1,2025-05-01T13:04:00Z
244,001347,09,45.24,3,2025-05-01T13:04:00Z
244,001347,02,73.28,3,2025-05-01T13:04:00Z
244,001347,01,15.9,5,2025-05-01T13:04:00Z
244,001347,03,75.21,1,2025-05-01T13:04:00Z
244,001347,05,34.34,4,2025-05-01T13:04:00Z
244,001347,00,49.52,2,2025-05-01T13:04:00Z
245,004906,04,44.36,1,2025-05-01T13:05:00Z
245,004906,01,15.9,4,2025-05-01T13:05:00Z
245,004906,02,73.28,3,2025-05-01T13:05:00Z
245,004906,08,78.12,5,2025-05-01T13:05:00Z
245,004906,07,58.59,3,2025-05-01T13:05:00Z
245,004906,09,45.24,3,2025-05-01T13:05:00Z
246,006130,00,49.52,4,2025-05-01T13:06:00Z
248,006827,05,34.34,3,2025-05-01T13:08:00Z
248,006827,02,73.28,5,2025-05-01T13:08:00Z
248,006827,01,15.9,2,2025-05-01T13:08:00Z
249,007616,08,78.12,2,2025-05-01T13:09:00Z
250,007262,00,49.52,5,2025-05-01T13:10:00Z
250,007262,08,78.12,2,2025-05-01T13:10:00Z
250,007262,06,15.55,2,2025-05-01T13:10:00Z
250,007262,07,58.59,1,2025-05-01T13:10:00Z
250,007262,01,15.9,5,2025-05-01T13:10:00Z
250,007262,05,34.34,1,2025-05-01T13:10:00Z
250,007262,02,73.28,5,2025-05-01T13:10:00Z
250,007262,04,44.36,4,2025-05-01T13:10:00Z
251,008271,07,58.59,5,2025-05-01T13:11:00Z
251,008271,05,34.34,5,2025-05-01T13:11:00Z
251,008271,01,15.9,2,2025-05-01T13:11:00Z
251,008271,09,45.24,5,2025-05-01T13:11:00Z
251,008271,08,78.12,5,2025-05-01T13:11:00Z
251,008271,00,49.52,5,2025-05-01T13:11:00Z
251,008271,03,75.21,4,2025-05-01T13:11:00Z
251,008271,06,15.55,5,2025-05-01T13:11:00Z
252,009728,05,34.34,3,2025-05-01T13:12:00Z
252,009728,03,75.21,2,2025-05-01T13:12:00Z
252,009728,06,15.55,3,2025-05-01T13:12:00Z
252,009728,07,58.59,4,2025-05-01T13:12:00Z
252,009728,00,49.52,1,2025-05-01T13:12:00Z
252,009728,09,45.24,1,2025-05-01T13:12:00Z
252,009728,04,44.36,1,2025-05-01T13:12:00Z
252,009728,01,15.9,4,2025-05-01T13:12:00Z
252,009728,08,78.12,3,2025-05-01T13:12:00Z
253,004564,06,15.55,5,2025-05-01T13:13:00Z
253,004564,07,58.59,3,2025-05-01T13:13:00Z
253,004564,03,75.21,3,2025-05-01T13:13:00Z
253,004564,02,73.28,3,2025-05-01T13:13:00Z
253,004564,05,34.34,3,2025-05-01T13:13:00Z
253,004564,00,49.52,4,2025-05-01T13:13:00Z
253,004564,08,78.12,4,2025-05-01T13:13:00Z
254,008683,05,34.34,5,2025-05-01T13:14:00Z
254,008683,04,44.36,1,2025-05-01T13:14:00Z
254,008683,00,49.52,5,2025-05-01T13:14:00Z
254,008683,02,73.28,5,2025-05-01T13:14:00Z
255,003474,03,75.21,3,2025-05-01T13:15:00Z
255,003474,04,44.36,1,2025-05-01T13:15:00Z
255,003474,09,45.24,1,2025-05-01T13:15:00Z
255,003474,05,34.34,3,2025-05-01T13:15:00Z
255,003474,07,58.59,5,2025-05-01T13:15:00Z
255,003474,06,15.55,2,2025-05-01T13:15:00Z
255,003474,08,78.12,3,2025-05-01T13:15:00Z
255,003474,02,73.28,1,2025-05-01T13:15:00Z
255,003474,00,49.52,1,2025-05-01T13:15:00Z
256,006921,04,44.36,5,2025-05-01T13:16:00Z
256,006921,02,73.28,2,2025-05-01T13:16:00Z
256,006921,07,58.59,1,2025-05-01T13:16:00Z
256,006921,01,15.9,4,2025-05-01T13:16:00Z
256,006921,03,75.21,1,2025-05-01T13:16:00Z
256,006921,08,78.12,2,2025-05-01T13:16:00Z
256,006921,09,45.24,5,2025-05-01T13:16:00Z
256,006921,06,15.55,1,2025-05-01T13:16:00Z
256,006921,05,34.34,4,2025-05-01T13:16:00Z
257,001165,04,44.36,4,2025-05-01T13:17:00Z
258,004931,03,75.21,2,2025-05-01T13:18:00Z
258,004931,07,58.59,4,2025-05-01T13:18:00Z
259,002726,09,45.24,2,2025-05-01T13:19:00Z
259,002726,05,34.34,3,2025-05-01T13:19:00Z
259,002726,06,15.55,5,2025-05-01T13:19:00Z
259,002726,02,73.28,5,2025-05-01T13:19:00Z
259,002726,07,58.59,5,2025-05-01T13:19:00Z
259,002726,04,44.36,2,2025-05-01T13:19:00Z
259,002726,03,75.21,1,2025-05-01T13:19:00Z
259,002726,01,15.9,5,2025-05-01T13:19:00Z
259,002726,08,78.12,2,2025-05-01T13:19:00Z
260,003236,05,34.34,3,2025-05-01T13:20:00Z
260,003236,02,73.28,4,2025-05-01T13:20:00Z
260,003236,04,44.36,1,2025-05-01T13:20:00Z
260,003236,01,15.9,3,2025-05-01T13:20:00Z
260,003236,08,78.12,5,2025-05-01T13:20:00Z
260,003236,03,75.21,4,2025-05-01T13:20:00Z
260,003236,07,58.59,3,2025-05-01T13:20:00Z
260,003236,06,15.55,2,2025-05-01T13:20:00Z
261,003699,08,78.12,2,2025-05-01T13:21:00Z
261,003699,00,49.52,2,2025-05-01T13:21:00Z
261,003699,06,15.55,5,2025-05-01T13:21:00Z
261,003699,03,75.21,3,2025-05-01T13:21:00Z
261,003699,02,73.28,5,2025-05-01T13:21:00Z
261,003699,05,34.34,5,2025-05-01T13:21:00Z
262,004725,06,15.55,1,2025-05-01T13:22:00Z
263,004759,03,75.21,2,2025-05-01T13:23:00Z
263,004759,09,45.24,2,2025-05-01T13:23:00Z
263,004759,05,34.34,1,2025-05-01T13:23:00Z
263,004759,02,73.28,3,2025-05-01T13:23:00Z
263,004759,08,78.12,3,2025-05-01T13:23:00Z
263,004759,04,44.36,3,2025-05-01T13:23:00Z
263,004759,00,49.52,1,2025-05-01T13:23:00Z
266,000699,04,44.36,4,2025-05-01T13:26:00Z
266,000699,08,78.12,3,2025-05-01T13:26:00Z
266,000699,00,49.52,3,2025-05-01T13:26:00Z
266,000699,05,34.34,4,2025-05-01T13:26:00Z
266,000699,01,15.9,5,2025-05-01T13:26:00Z
266,000699,09,45.24,4,2025-05-01T13:26:00Z
267,006440,03,75.21,5,2025-05-01T13:27:00Z
267,006440,05,34.34,4,2025-05-01T13:27:00Z
267,006440,08,78.12,5,2025-05-01T13:27:00Z
267,006440,07,58.59,1,2025-05-01T13:27:00Z
267,006440,09,45.24,3,2025-05-01T13:27:00Z
267,006440,06,15.55,2,2025-05-01T13:27:00Z
268,001243,06,15.55,1,2025-05-01T13:28:00Z
268,001243,08,78.12,2,2025-05-01T13:28:00Z
268,001243,03,75.21,3,2025-05-01T13:28:00Z
268,001243,02,73.28,2,2025-05-01T13:28:00Z
268,001243,00,49.52,4,2025-05-01T13:28:00Z
268,001243,07,58.59,3,2025-05-01T13:28:00Z
268,001243,01,15.9,1,2025-05-01T13:28:00Z
269,005740,07,58.59,1,2025-05-01T13:29:00Z
269,005740,05,34.34,5,2025-05-01T13:29:00Z
269,005740,06,15.55,3,2025-05-01T13:29:00Z
269,005740,08,78.12,5,2025-05-01T13:29:00Z
269,005740,02,73.28,5,2025-05-01T13:29:00Z
269,005740,09,45.24,4,2025-05-01T13:29:00Z
270,000944,05,34.34,4,2025-05-01T13:30:00Z
270,000944,03,75.21,3,2025-05-01T13:30:00Z
271,006329,07,58.59,4,2025-05-01T13:31:00Z
271,006329,03,75.21,2,2025-05-01T13:31:00Z
272,004113,02,73.28,1,2025-05-01T13:32:00Z
272,004113,06,15.55,4,2025-05-01T13:32:00Z
273,002717,00,49.52,1,2025-05-01T13:33:00Z
273,002717,09,45.24,5,2025-05-01T13:33:00Z
273,002717,08,78.12,4,2025-05-01T13:33:00Z
273,002717,02,73.28,2,2025-05-01T13:33:00Z
273,002717,07,58.59,4,2025-05-01T13:33:00Z
273,002717,03,75.21,2,2025-05-01T13:33:00Z
273,002717,06,15.55,4,2025-05-01T13:33:00Z
273,002717,01,15.9,5,2025-05-01T13:33:00Z
273,002717,05,34.34,5,2025-05-01T13:33:00Z
274,000818,00,49.52,4,2025-05-01T13:34:00Z
276,008245,06,15.55,1,2025-05-01T13:36:00Z
276,008245,09,45.24,2,2025-05-01T13:36:00Z
276,008245,08,78.12,5,2025-05-01T13:36:00Z
276,008245,02,73.28,1,2025-05-01T13:36:00Z
276,008245,05,34.34,2,2025-05-01T13:36:00Z
276,008245,07,58.59,4,2025-05-01T13:36:00Z
276,008245,03,75.21,4,2025-05-01T13:36:00Z
276,008245,00,49.52,3,2025-05-01T13:36:00Z
276,008245,04,44.36,4,2025-05-01T13:36:00Z
277,000305,07,58.59,1,2025-05-01T13:37:00Z
278,001184,02,73.28,1,2025-05-01T13:38:00Z
280,000760,04,44.36,5,2025-05-01T13:40:00Z
280,000760,07,58.59,1,2025-05-01T13:40:00Z
280,000760,09,45.24,1,2025-05-01T13:40:00Z
280,000760,00,49.52,1,2025-05-01T13:40:00Z
281,002591,09,45.24,2,2025-05-01T13:41:00Z
281,002591,08,78.12,4,2025-05-01T13:41:00Z
282,005292,02,73.28,4,2025-05-01T13:42:00Z
282,005292,01,15.9,5,2025-05-01T13:42:00Z
282,005292,06,15.55,3,2025-05-01T13:42:00Z
282,005292,04,44.36,4,2025-05-01T13:42:00Z
283,002149,07,58.59,2,2025-05-01T13:43:00Z
283,002149,01,15.9,3,2025-05-01T13:43:00Z
283,002149,06,15.55,1,2025-05-01T13:43:00Z
284,001422,03,75.21,3,2025-05-01T13:44:00Z
284,001422,05,34.34,1,2025-05-01T13:44:00Z
284,001422,08,78.12,2,2025-05-01T13:44:00Z
284,001422,01,15.9,5,2025-05-01T13:44:00Z
284,001422,09,45.24,1,2025-05-01T13:44:00Z
284,001422,00,49.52,1,2025-05-01T13:44:00Z
284,001422,04,44.36,3,2025-05-01T13:44:00Z
285,002917,07,58.59,3,2025-05-01T13:45:00Z
285,002917,09,45.24,4,2025-05-01T13:45:00Z
285,002917,02,73.28,3,2025-05-01T13:45:00Z
285,002917,03,75.21,2,2025-05-01T13:45:00Z
286,003822,07,58.59,3,2025-05-01T13:46:00Z
287,002212,08,78.12,4,2025-05-01T13:47:00Z
287,002212,03,75.21,2,2025-05-01T13:47:00Z
287,002212,07,58.59,2,2025-05-01T13:47:00Z
287,002212,05,34.34,1,2025-05-01T13:47:00Z
287,002212,06,15.55,1,2025-05-01T13:47:00Z
287,002212,09,45.24,1,2025-05-01T13:47:00Z
288,002655,06,15.55,5,2025-05-01T13:48:00Z
288,002655,02,73.28,2,2025-05-01T13:48:00Z
288,002655,09,45.24,3,2025-05-01T13:48:00Z
288,002655,08,78.12,2,2025-05-01T13:48:00Z
288,002655,01,15.9,4,2025-05-01T13:48:00Z
289,004414,03,75.21,5,2025-05-01T13:49:00Z
289,004414,00,49.52,2,2025-05-01T13:49:00Z
289,004414,07,58.59,1,2025-05-01T13:49:00Z
289,004414,04,44.36,2,2025-05-01T13:49:00Z
289,004414,02,73.28,5,2025-05-01T13:49:00Z
289,004414,09,45.24,5,2025-05-01T13:49:00Z
289,004414,05,34.34,3,2025-05-01T13:49:00Z
289,004414,08,78.12,3,2025-05-01T13:49:00Z
289,004414,01,15.9,1,2025-05-01T13:49:00Z
290,008709,05,34.34,1,2025-05-01T13:50:00Z
290,008709,07,58.59,3,2025-05-01T13:50:00Z
290,008709,06,15.55,2,2025-05-01T13:50:00Z
290,008709,00,49.52,2,2025-05-01T13:50:00Z
290,008709,01,15.9,5,2025-05-01T13:50:00Z
290,008709,02,73.28,4,2025-05-01T13:50:00Z
290,008709,08,78.12,3,2025-05-01T13:50:00Z
290,008709,04,44.36,3,2025-05-01T13:50:00Z
291,002493,05,34.34,4,2025-05-01T13:51:00Z
291,002493,01,15.9,3,2025-05-01T13:51:00Z
291,002493,08,78.12,2,2025-05-01T13:51:00Z
291,002493,09,45.24,4,2025-05-01T13:51:00Z
291,002493,04,44.36,3,2025-05-01T13:51:00Z
291,002493,00,49.52,5,2025-05-01T13:51:00Z
292,006662,02,73.28,5,2025-05-01T13:52:00Z
292,006662,06,15.55,3,2025-05-01T13:52:00Z
292,006662,05,34.34,5,2025-05-01T13:52:00Z
293,003491,02,73.28,5,2025-05-01T13:53:00Z
293,003491,08,78.12,4,2025-05-01T13:53:00Z
293,003491,05,34.34,4,2025-05-01T13:53:00Z
294,002373,08,78.12,3,2025-05-01T13:54:00Z
295,000911,04,44.36,3,2025-05-01T13:55:00Z
295,000911,00,49.52,1,2025-05-01T13:55:00Z
295,000911,01,15.9,5,2025-05-01T13:55:00Z
295,000911,03,75.21,3,2025-05-01T13:55:00Z
295,000911,09,45.24,2,2025-05-01T13:55:00Z
295,000911,05,34.34,5,2025-05-01T13:55:00Z
295,000911,02,73.28,3,2025-05-01T13:55:00Z
295,000911,08,78.12,4,2025-05-01T13:55:00Z
295,000911,07,58.59,3,2025-05-01T13:55:00Z
296,007266,09,45.24,2,2025-05-01T13:56:00Z
296,007266,01,15.9,4,2025-05-01T13:56:00Z
296,007266,00,49.52,2,2025-05-01T13:56:00Z
297,002302,04,44.36,4,2025-05-01T13:57:00Z
297,002302,05,34.34,4,2025-05-01T13:57:00Z
297,002302,08,78.12,4,2025-05-01T13:57:00Z
297,002302,07,58.59,3,2025-05-01T13:57:00Z
298,007112,00,49.52,3,2025-05-01T13:58:00Z
299,000214,00,49.52,3,2025-05-01T13:59:00Z
299,000214,01,15.9,3,2025-05-01T13:59:00Z
299,000214,09,45.24,1,2025-05-01T13:59:00Z
299,000214,04,44.36,3,2025-05-01T13:59:00Z
300,008105,07,58.59,5,2025-05-01T14:00:00Z
300,008105,06,15.55,4,2025-05-01T14:00:00Z
300,008105,00,49.52,4,2025-05-01T14:00:00Z
300,008105,04,44.36,5,2025-05-01T14:00:00Z
300,008105,03,75.21,5,2025-05-01T14:00:00Z
301,001531,08,78.12,1,2025-05-01T14:01:00Z
301,001531,07,58.59,3,2025-05-01T14:01:00Z
301,001531,00,49.52,1,2025-05-01T14:01:00Z
301,001531,04,44.36,1,2025-05-01T14:01:00Z
301,001531,03,75.21,5,2025-05-01T14:01:00Z
302,004083,02,73.28,4,2025-05-01T14:02:00Z
303,008642,07,58.59,3,2025-05-01T14:03:00Z
303,008642,06,15.55,2,2025-05-01T14:03:00Z
303,008642,00,49.52,1,2025-05-01T14:03:00Z
304,008517,08,78.12,4,2025-05-01T14:04:00Z
304,008517,03,75.21,3,2025-05-01T14:04:00Z
304,008517,06,15.55,2,2025-05-01T14:04:00Z
304,008517,09,45.24,1,2025-05-01T14:04:00Z
304,008517,07,58.59,3,2025-05-01T14:04:00Z
304,008517,01,15.9,2,2025-05-01T14:04:00Z
304,008517,05,34.34,1,2025-05-01T14:04:00Z
305,001612,05,34.34,5,2025-05-01T14:05:00Z
305,001612,03,75.21,2,2025-05-01T14:05:00Z
305,001612,07,58.59,3,2025-05-01T14:05:00Z
305,001612,00,49.52,1,2025-05-01T14:05:00Z
305,001612,06,15.55,1,2025-05-01T14:05:00Z
305,001612,04,44.36,1,2025-05-01T14:05:00Z
305,001612,08,78.12,3,2025-05-01T14:05:00Z
306,000081,03,75.21,2,2025-05-01T14:06:00Z
306,000081,01,15.9,5,2025-05-01T14:06:00Z
306,000081,05,34.34,5,2025-05-01T14:06:00Z
306,000081,06,15.55,1,2025-05-01T14:06:00Z
306,000081,08,78.12,1,2025-05-01T14:06:00Z
306,000081,09,45.24,2,2025-05-01T14:06:00Z
307,007526,03,75.21,2,2025-05-01T14:07:00Z
307,007526,07,58.59,3,2025-05-01T14:07:00Z
307,007526,06,15.55,3,2025-05-01T14:07:00Z
307,007526,00,49.52,2,2025-05-01T14:07:00Z
307,007526,09,45.24,4,2025-05-01T14:07:00Z
307,007526,08,78.12,5,2025-05-01T14:07:00Z
308,004984,00,49.52,5,2025-05-01T14:08:00Z
308,004984,08,78.12,5,2025-05-01T14:08:00Z
308,004984,02,73.28,5,2025-05-01T14:08:00Z
309,004325,05,34.34,1,2025-05-01T14:09:00Z
309,004325,09,45.24,1,2025-05-01T14:09:00Z
309,004325,01,15.9,5,2025-05-01T14:09:00Z
309,004325,03,75.21,5,2025-05-01T14:09:00Z
309,004325,00,49.52,4,2025-05-01T14:09:00Z
309,004325,04,44.36,4,2025-05-01T14:09:00Z
309,004325,07,58.59,4,2025-05-01T14:09:00Z
309,004325,08,78.12,1,2025-05-01T14:09:00Z
309,004325,02,73.28,1,2025-05-01T14:09:00Z
310,006772,01,15.9,1,2025-05-01T14:10:00Z
310,006772,04,44.36,5,2025-05-01T14:10:00Z
310,006772,08,78.12,3,2025-05-01T14:10:00Z
311,004933,04,44.36,1,2025-05-01T14:11:00Z
311,004933,05,34.34,2,2025-05-01T14:11:00Z
311,004933,08,78.12,3,2025-05-01T14:11:00Z
311,004933,09,45.24,5,2025-05-01T14:11:00Z
311,004933,01,15.9,3,2025-05-01T14:11:00Z
312,005326,03,75.21,5,2025-05-01T14:12:00Z
312,005326,08,78.12,4,2025-05-01T14:12:00Z
313,009475,01,15.9,5,2025-05-01T14:13:00Z
313,009475,05,34.34,3,2025-05-01T14:13:00Z
313,009475,07,58.59,4,2025-05-01T14:13:00Z
313,009475,08,78.12,4,2025-05-01T14:13:00Z
313,009475,00,49.52,2,2025-05-01T14:13:00Z
313,009475,02,73.28,3,2025-05-01T14:13:00Z
314,008675,00,49.52,5,2025-05-01T14:14:00Z
314,008675,03,75.21,2,2025-05-01T14:14:00Z
314,008675,05,34.34,4,2025-05-01T14:14:00Z
314,008675,09,45.24,3,2025-05-01T14:14:00Z
314,008675,01,15.9,5,2025-05-01T14:14:00Z
314,008675,08,78.12,2,2025-05-01T14:14:00Z
315,005509,02,73.28,1,2025-05-01T14:15:00Z
315,005509,04,44.36,3,2025-05-01T14:15:00Z
315,005509,00,49.52,5,2025-05-01T14:15:00Z
315,005509,08,78.12,1,2025-05-01T14:15:00Z
316,004146,09,45.24,4,2025-05-01T14:16:00Z
316,004146,02,73.28,5,2025-05-01T14:16:00Z
316,004146,08,78.12,1,2025-05-01T14:16:00Z
316,004146,00,49.52,4,2025-05-01T14:16:00Z
317,008074,04,44.36,4,2025-05-01T14:17:00Z
317,008074,07,58.59,4,2025-05-01T14:17:00Z
317,008074,05,34.34,5,2025-05-01T14:17:00Z
317,008074,03,75.21,3,2025-05-01T14:17:00Z
317,008074,08,78.12,2,2025-05-01T14:17:00Z
318,006968,09,45.24,2,2025-05-01T14:18:00Z
318,006968,01,15.9,2,2025-05-01T14:18:00Z
319,003040,06,15.55,5,2025-05-01T14:19:00Z
319,003040,00,49.52,5,2025-05-01T14:19:00Z
319,003040,07,58.59,3,2025-05-01T14:19:00Z
319,003040,05,34.34,4,2025-05-01T14:19:00Z
319,003040,02,73.28,3,2025-05-01T14:19:00Z
319,003040,03,75.21,4,2025-05-01T14:19:00Z
319,003040,01,15.9,5,2025-05-01T14:19:00Z
319,003040,04,44.36,2,2025-05-01T14:19:00Z
320,008068,09,45.24,5,2025-05-01T14:20:00Z
320,008068,07,58.59,4,2025-05-01T14:20:00Z
320,008068,03,75.21,5,2025-05-01T14:20:00Z
321,003607,02,73.28,5,2025-05-01T14:21:00Z
321,003607,06,15.55,2,2025-05-01T14:21:00Z
321,003607,05,34.34,4,2025-05-01T14:21:00Z
321,003607,08,78.12,2,2025-05-01T14:21:00Z
321,003607,04,44.36,3,2025-05-01T14:21:00Z
321,003607,01,15.9,1,2025-05-01T14:21:00Z
322,007720,09,45.24,2,2025-05-01T14:22:00Z
322,007720,05,34.34,1,2025-05-01T14:22:00Z
322,007720,02,73.28,2,2025-05-01T14:22:00Z
322,007720,01,15.9,1,2025-05-01T14:22:00Z
322,007720,03,75.21,4,2025-05-01T14:22:00Z
322,007720,04,44.36,3,2025-05-01T14:22:00Z
322,007720,07,58.59,2,2025-05-01T14:22:00Z
322,007720,00,49.52,2,2025-05-01T14:22:00Z
323,005327,07,58.59,1,2025-05-01T14:23:00Z
323,005327,03,75.21,1,2025-05-01T14:23:00Z
323,005327,09,45.24,3,2025-05-01T14:23:00Z
323,005327,00,49.52,3,2025-05-01T14:23:00Z
323,005327,05,34.34,3,2025-05-01T14:23:00Z
323,005327,06,15.55,3,2025-05-01T14:23:00Z
324,008499,01,15.9,4,2025-05-01T14:24:00Z
325,007520,01,15.9,2,2025-05-01T14:25:00Z
325,007520,04,44.36,1,2025-05-01T14:25:00Z
325,007520,09,45.24,4,2025-05-01T14:25:00Z
325,007520,05,34.34,1,2025-05-01T14:25:00Z
325,007520,06,15.55,5,2025-05-01T14:25:00Z
325,007520,02,73.28,1,2025-05-01T14:25:00Z
325,007520,07,58.59,3,2025-05-01T14:25:00Z
326,005225,04,44.36,1,2025-05-01T14:26:00Z
326,005225,05,34.34,5,2025-05-01T14:26:00Z
326,005225,08,78.12,1,2025-05-01T14:26:00Z
326,005225,03,75.21,5,2025-05-01T14:26:00Z
326,005225,01,15.9,2,2025-05-01T14:26:00Z
326,005225,00,49.52,2,2025-05-01T14:26:00Z
326,005225,09,45.24,1,2025-05-01T14:26:00Z
326,005225,02,73.28,4,2025-05-01T14:26:00Z
326,005225,07,58.59,2,2025-05-01T14:26:00Z
327,009727,09,45.24,5,2025-05-01T14:27:00Z
327,009727,01,15.9,1,2025-05-01T14:27:00Z
327,009727,05,34.34,1,2025-05-01T14:27:00Z
327,009727,06,15.55,5,2025-05-01T14:27:00Z
328,003095,06,15.55,4,2025-05-01T14:28:00Z
328,003095,07,58.59,3,2025-05-01T14:28:00Z
328,003095,02,73.28,3,2025-05-01T14:28:00Z
328,003095,03,75.21,5,2025-05-01T14:28:00Z
328,003095,09,45.24,3,2025-05-01T14:28:00Z
328,003095,05,34.34,1,2025-05-01T14:28:00Z
329,002485,00,49.52,5,2025-05-01T14:29:00Z
329,002485,05,34.34,4,2025-05-01T14:29:00Z
329,002485,02,73.28,2,2025-05-01T14:29:00Z
329,002485,04,44.36,5,2025-05-01T14:29:00Z
329,002485,08,78.12,3,2025-05-01T14:29:00Z
329,002485,09,45.24,4,2025-05-01T14:29:00Z
329,002485,06,15.55,4,2025-05-01T14:29:00Z
330,003875,06,15.55,5,2025-05-01T14:30:00Z
330,003875,05,34.34,3,2025-05-01T14:30:00Z
330,003875,09,45.24,4,2025-05-01T14:30:00Z
330,003875,03,75.21,5,2025-05-01T14:30:00Z
330,003875,01,15.9,3,2025-05-01T14:30:00Z
330,003875,00,49.52,2,2025-05-01T14:30:00Z
330,003875,07,58.59,3,2025-05-01T14:30:00Z
331,000784,06,15.55,2,2025-05-01T14:31:00Z
331,000784,07,58.59,1,2025-05-01T14:31:00Z
332,006732,07,58.59,5,2025-05-01T14:32:00Z
332,006732,05,34.34,4,2025-05-01T14:32:00Z
332,006732,06,15.55,5,2025-05-01T14:32:00Z
333,008547,05,34.34,3,2025-05-01T14:33:00Z
333,008547,07,58.59,5,2025-05-01T14:33:00Z
333,008547,01,15.9,2,2025-05-01T14:33:00Z
333,008547,02,73.28,3,2025-05-01T14:33:00Z
333,008547,03,75.21,5,2025-05-01T14:33:00Z
334,002099,04,44.36,2,2025-05-01T14:34:00Z
334,002099,06,15.55,2,2025-05-01T14:34:00Z
335,000745,08,78.12,1,2025-05-01T14:35:00Z
335,000745,07,58.59,5,2025-05-01T14:35:00Z
335,000745,09,45.24,4,2025-05-01T14:35:00Z
335,000745,05,34.34,2,2025-05-01T14:35:00Z
335,000745,00,49.52,2,2025-05-01T14:35:00Z
335,000745,04,44.36,3,2025-05-01T14:35:00Z
335,000745,01,15.9,2,2025-05-01T14:35:00Z
336,006757,08,78.12,5,2025-05-01T14:36:00Z
336,006757,09,45.24,2,2025-05-01T14:36:00Z
336,006757,04,44.36,5,2025-05-01T14:36:00Z
336,006757,07,58.59,4,2025-05-01T14:36:00Z
336,006757,03,75.21,1,2025-05-01T14:36:00Z
336,006757,00,49.52,1,2025-05-01T14:36:00Z
336,006757,02,73.28,5,2025-05-01T14:36:00Z
336,006757,05,34.34,4,2025-05-01T14:36:00Z
336,006757,06,15.55,1,2025-05-01T14:36:00Z
337,004829,08,78.12,2,2025-05-01T14:37:00Z
337,004829,02,73.28,3,2025-05-01T14:37:00Z
337,004829,01,15.9,5,2025-05-01T14:37:00Z
337,004829,05,34.34,2,2025-05-01T14:37:00Z
337,004829,00,49.52,2,2025-05-01T14:37:00Z
338,003359,04,44.36,1,2025-05-01T14:38:00Z
338,003359,09,45.24,5,2025-05-01T14:38:00Z
338,003359,03,75.21,5,2025-05-01T14:38:00Z
338,003359,01,15.9,5,2025-05-01T14:38:00Z
338,003359,05,34.34,3,2025-05-01T14:38:00Z
339,009085,05,34.34,5,2025-05-01T14:39:00Z
339,009085,03,75.21,4,2025-05-01T14:39:00Z
340,005048,09,45.24,5,2025-05-01T14:40:00Z
340,005048,08,78.12,5,2025-05-01T14:40:00Z
340,005048,02,73.28,5,2025-05-01T14:40:00Z
340,005048,06,15.55,1,2025-05-01T14:40:00Z
340,005048,00,49.52,5,2025-05-01T14:40:00Z
340,005048,05,34.34,4,2025-05-01T14:40:00Z
341,006243,09,45.24,4,2025-05-01T14:41:00Z
341,006243,02,73.28,4,2025-05-01T14:41:00Z
341,006243,03,75.21,2,2025-05-01T14:41:00Z
342,001193,07,58.59,1,2025-05-01T14:42:00Z
342,001193,06,15.55,1,2025-05-01T14:42:00Z
342,001193,09,45.24,2,2025-05-01T14:42:00Z
342,001193,04,44.36,5,2025-05-01T14:42:00Z
342,001193,01,15.9,3,2025-05-01T14:42:00Z
342,001193,05,34.34,4,2025-05-01T14:42:00Z
342,001193,08,78.12,3,2025-05-01T14:42:00Z
342,001193,02,73.28,1,2025-05-01T14:42:00Z
343,003984,08,78.12,4,2025-05-01T14:43:00Z
343,003984,02,73.28,1,2025-05-01T14:43:00Z
343,003984,03,75.21,5,2025-05-01T14:43:00Z
343,003984,05,34.34,2,2025-05-01T14:43:00Z
343,003984,07,58.59,1,2025-05-01T14:43:00Z
344,004902,07,58.59,5,2025-05-01T14:44:00Z
344,004902,02,73.28,5,2025-05-01T14:44:00Z
344,004902,06,15.55,2,2025-05-01T14:44:00Z
344,004902,01,15.9,5,2025-05-01T14:44:00Z
344,004902,05,34.34,4,2025-05-01T14:44:00Z
344,004902,04,44.36,1,2025-05-01T14:44:00Z
344,004902,03,75.21,3,2025-05-01T14:44:00Z
344,004902,00,49.52,1,2025-05-01T14:44:00Z
344,004902,08,78.12,2,2025-05-01T14:44:00Z
345,009137,09,45.24,2,2025-05-01T14:45:00Z
345,009137,05,34.34,5,2025-05-01T14:45:00Z
345,009137,00,49.52,2,2025-05-01T14:45:00Z
345,009137,03,75.21,5,2025-05-01T14:45:00Z
345,009137,04,44.36,5,2025-05-01T14:45:00Z
345,009137,01,15.9,4,2025-05-01T14:45:00Z
345,009137,02,73.28,4,2025-05-01T14:45:00Z
345,009137,06,15.55,4,2025-05-01T14:45:00Z
345,009137,08,78.12,2,2025-05-01T14:45:00Z
346,001962,03,75.21,4,2025-05-01T14:46:00Z
346,001962,00,49.52,3,2025-05-01T14:46:00Z
346,001962,01,15.9,1,2025-05-01T14:46:00Z
347,002288,09,45.24,4,2025-05-01T14:47:00Z
347,002288,08,78.12,4,2025-05-01T14:47:00Z
347,002288,00,49.52,5,2025-05-01T14:47:00Z
347,002288,01,15.9,1,2025-05-01T14:47:00Z
347,002288,06,15.55,2,2025-05-01T14:47:00Z
347,002288,05,34.34,4,2025-05-01T14:47:00Z
347,002288,03,75.21,5,2025-05-01T14:47:00Z
347,002288,07,58.59,4,2025-05-01T14:47:00Z
347,002288,04,44.36,5,2025-05-01T14:47:00Z
348,009435,07,58.59,5,2025-05-01T14:48:00Z
348,009435,03,75.21,2,2025-05-01T14:48:00Z
348,009435,01,15.9,2,2025-05-01T14:48:00Z
348,009435,05,34.34,5,2025-05-01T14:48:00Z
348,009435,04,44.36,3,2025-05-01T14:48:00Z
350,003965,09,45.24,1,2025-05-01T14:50:00Z
350,003965,02,73.28,3,2025-05-01T14:50:00Z
350,003965,06,15.55,2,2025-05-01T14:50:00Z
350,003965,03,75.21,1,2025-05-01T14:50:00Z
350,003965,00,49.52,2,2025-05-01T14:50:00Z
350,003965,08,78.12,1,2025-05-01T14:50:00Z
350,003965,01,15.9,5,2025-05-01T14:50:00Z
352,004326,01,15.9,4,2025-05-01T14:52:00Z
352,004326,03,75.21,4,2025-05-01T14:52:00Z
352,004326,00,49.52,3,2025-05-01T14:52:00Z
352,004326,08,78.12,1,2025-05-01T14:52:00Z
353,005427,06,15.55,1,2025-05-01T14:53:00Z
353,005427,04,44.36,2,2025-05-01T14:53:00Z
353,005427,02,73.28,3,2025-05-01T14:53:00Z
353,005427,00,49.52,4,2025-05-01T14:53:00Z
354,003612,07,58.59,1,2025-05-01T14:54:00Z
354,003612,08,78.12,3,2025-05-01T14:54:00Z
355,006973,08,78.12,5,2025-05-01T14:55:00Z
355,006973,00,49.52,4,2025-05-01T14:55:00Z
355,006973,07,58.59,2,2025-05-01T14:55:00Z
355,006973,01,15.9,2,2025-05-01T14:55:00Z
355,006973,06,15.55,1,2025-05-01T14:55:00Z
355,006973,02,73.28,3,2025-05-01T14:55:00Z
355,006973,04,44.36,4,2025-05-01T14:55:00Z
355,006973,03,75.21,4,2025-05-01T14:55:00Z
356,005229,04,44.36,2,2025-05-01T14:56:00Z
356,005229,06,15.55,2,2025-05-01T14:56:00Z
356,005229,07,58.59,3,2025-05-01T14:56:00Z
356,005229,09,45.24,3,2025-05-01T14:56:00Z
356,005229,08,78.12,5,2025-05-01T14:56:00Z
356,005229,01,15.9,1,2025-05-01T14:56:00Z
356,005229,05,34.34,5,2025-05-01T14:56:00Z
356,005229,02,73.28,2,2025-05-01T14:56:00Z
357,002027,03,75.21,5,2025-05-01T14:57:00Z
357,002027,07,58.59,5,2025-05-01T14:57:00Z
357,002027,02,73.28,2,2025-05-01T14:57:00Z
357,002027,05,34.34,1,2025-05-01T14:57:00Z
357,002027,06,15.55,1,2025-05-01T14:57:00Z
357,002027,00,49.52,3,2025-05-01T14:57:00Z
357,002027,01,15.9,5,2025-05-01T14:57:00Z
358,005397,07,58.59,4,2025-05-01T14:58:00Z
359,007584,05,34.34,2,2025-05-01T14:59:00Z
360,000983,02,73.28,2,2025-05-01T15:00:00Z
360,000983,00,49.52,1,2025-05-01T15:00:00Z
361,007213,03,75.21,5,2025-05-01T15:01:00Z
362,009526,00,49.52,4,2025-05-01T15:02:00Z
362,009526,04,44.36,4,2025-05-01T15:02:00Z
362,009526,08,78.12,5,2025-05-01T15:02:00Z
362,009526,05,34.34,1,2025-05-01T15:02:00Z
362,009526,06,15.55,2,2025-05-01T15:02:00Z
362,009526,09,45.24,4,2025-05-01T15:02:00Z
362,009526,02,73.28,2,2025-05-01T15:02:00Z
362,009526,01,15.9,5,2025-05-01T15:02:00Z
363,008117,02,73.28,3,2025-05-01T15:03:00Z
363,008117,09,45.24,5,2025-05-01T15:03:00Z
363,008117,06,15.55,2,2025-05-01T15:03:00Z
363,008117,05,34.34,2,2025-05-01T15:03:00Z
364,004045,05,34.34,3,2025-05-01T15:04:00Z
364,004045,03,75.21,4,2025-05-01T15:04:00Z
364,004045,09,45.24,2,2025-05-01T15:04:00Z
364,004045,06,15.55,4,2025-05-01T15:04:00Z
365,006820,00,49.52,3,2025-05-01T15:05:00Z
365,006820,04,44.36,5,2025-05-01T15:05:00Z
365,006820,05,34.34,2,2025-05-01T15:05:00Z
365,006820,02,73.28,1,2025-05-01T15:05:00Z
367,002185,07,58.59,5,2025-05-01T15:07:00Z
367,002185,03,75.21,3,2025-05-01T15:07:00Z
367,002185,01,15.9,2,2025-05-01T15:07:00Z
367,002185,00,49.52,4,2025-05-01T15:07:00Z
367,002185,04,44.36,4,2025-05-01T15:07:00Z
367,002185,06,15.55,5,2025-05-01T15:07:00Z
367,002185,02,73.28,1,2025-05-01T15:07:00Z
368,008965,00,49.52,5,2025-05-01T15:08:00Z
368,008965,03,75.21,5,2025-05-01T15:08:00Z
368,008965,01,15.9,1,2025-05-01T15:08:00Z
368,008965,08,78.12,1,2025-05-01T15:08:00Z
368,008965,07,58.59,1,2025-05-01T15:08:00Z
368,008965,06,15.55,3,2025-05-01T15:08:00Z
369,006222,06,15.55,2,2025-05-01T15:09:00Z
369,006222,09,45.24,3,2025-05-01T15:09:00Z
369,006222,01,15.9,5,2025-05-01T15:09:00Z
369,006222,08,78.12,1,2025-05-01T15:09:00Z
369,006222,00,49.52,4,2025-05-01T15:09:00Z
369,006222,02,73.28,3,2025-05-01T15:09:00Z
369,006222,05,34.34,5,2025-05-01T15:09:00Z
369,006222,07,58.59,4,2025-05-01T15:09:00Z
370,003514,04,44.36,2,2025-05-01T15:10:00Z
370,003514,08,78.12,2,2025-05-01T15:10:00Z
370,003514,03,75.21,3,2025-05-01T15:10:00Z
370,003514,02,73.28,3,2025-05-01T15:10:00Z
370,003514,06,15.55,5,2025-05-01T15:10:00Z
370,003514,05,34.34,5,2025-05-01T15:10:00Z
370,003514,09,45.24,2,2025-05-01T15:10:00Z
371,005597,01,15.9,5,2025-05-01T15:11:00Z
371,005597,04,44.36,4,2025-05-01T15:11:00Z
371,005597,00,49.52,5,2025-05-01T15:11:00Z
371,005597,05,34.34,1,2025-05-01T15:11:00Z
371,005597,07,58.59,4,2025-05-01T15:11:00Z
372,002037,00,49.52,3,2025-05-01T15:12:00Z
372,002037,06,15.55,4,2025-05-01T15:12:00Z
372,002037,01,15.9,5,2025-05-01T15:12:00Z
372,002037,02,73.28,4,2025-05-01T15:12:00Z
373,005943,01,15.9,3,2025-05-01T15:13:00Z
374,005381,09,45.24,4,2025-05-01T15:14:00Z
374,005381,01,15.9,5,2025-05-01T15:14:00Z
374,005381,06,15.55,2,2025-05-01T15:14:00Z
374,005381,05,34.34,1,2025-05-01T15:14:00Z
374,005381,08,78.12,5,2025-05-01T15:14:00Z
375,000807,01,15.9,4,2025-05-01T15:15:00Z
375,000807,06,15.55,4,2025-05-01T15:15:00Z
375,000807,07,58.59,4,2025-05-01T15:15:00Z
376,005953,07,58.59,2,2025-05-01T15:16:00Z
376,005953,08,78.12,3,2025-05-01T15:16:00Z
376,005953,01,15.9,4,2025-05-01T15:16:00Z
376,005953,09,45.24,5,2025-05-01T15:16:00Z
376,005953,04,44.36,5,2025-05-01T15:16:00Z
377,006327,08,78.12,4,2025-05-01T15:17:00Z
377,006327,03,75.21,1,2025-05-01T15:17:00Z
377,006327,01,15.9,1,2025-05-01T15:17:00Z
377,006327,02,73.28,5,2025-05-01T15:17:00Z
377,006327,09,45.24,4,2025-05-01T15:17:00Z
377,006327,05,34.34,5,2025-05-01T15:17:00Z
377,006327,00,49.52,3,2025-05-01T15:17:00Z
378,002395,03,75.21,1,2025-05-01T15:18:00Z
378,002395,08,78.12,4,2025-05-01T15:18:00Z
378,002395,06,15.55,4,2025-05-01T15:18:00Z
378,002395,00,49.52,2,2025-05-01T15:18:00Z
378,002395,01,15.9,4,2025-05-01T15:18:00Z
378,002395,04,44.36,4,2025-05-01T15:18:00Z
379,006786,04,44.36,2,2025-05-01T15:19:00Z
379,006786,09,45.24,5,2025-05-01T15:19:00Z
379,006786,00,49.52,3,2025-05-01T15:19:00Z
379,006786,05,34.34,4,2025-05-01T15:19:00Z
379,006786,08,78.12,5,2025-05-01T15:19:00Z
379,006786,02,73.28,4,2025-05-01T15:19:00Z
379,006786,01,15.9,2,2025-05-01T15:19:00Z
379,006786,03,75.21,4,2025-05-01T15:19:00Z
380,008188,08,78.12,1,2025-05-01T15:20:00Z
380,008188,00,49.52,2,2025-05-01T15:20:00Z
380,008188,05,34.34,1,2025-05-01T15:20:00Z
380,008188,03,75.21,5,2025-05-01T15:20:00Z
380,008188,01,15.9,1,2025-05-01T15:20:00Z
381,008230,09,45.24,1,2025-05-01T15:21:00Z
381,008230,02,73.28,2,2025-05-01T15:21:00Z
381,008230,04,44.36,3,2025-05-01T15:21:00Z
381,008230,06,15.55,1,2025-05-01T15:21:00Z
382,009690,00,49.52,5,2025-05-01T15:22:00Z
382,009690,09,45.24,3,2025-05-01T15:22:00Z
382,009690,01,15.9,4,2025-05-01T15:22:00Z
382,009690,03,75.21,3,2025-05-01T15:22:00Z
382,009690,02,73.28,4,2025-05-01T15:22:00Z
382,009690,05,34.34,4,2025-05-01T15:22:00Z
383,007530,00,49.52,5,2025-05-01T15:23:00Z
383,007530,06,15.55,5,2025-05-01T15:23:00Z
383,007530,08,78.12,4,2025-05-01T15:23:00Z
383,007530,04,44.36,1,2025-05-01T15:23:00Z
383,007530,01,15.9,3,2025-05-01T15:23:00Z
383,007530,09,45.24,2,2025-05-01T15:23:00Z
383,007530,07,58.59,1,2025-05-01T15:23:00Z
383,007530,05,34.34,4,2025-05-01T15:23:00Z
384,002039,06,15.55,4,2025-05-01T15:24:00Z
384,002039,07,58.59,2,2025-05-01T15:24:00Z
384,002039,04,44.36,5,2025-05-01T15:24:00Z
384,002039,03,75.21,4,2025-05-01T15:24:00Z
384,002039,08,78.12,1,2025-05-01T15:24:00Z
384,002039,05,34.34,4,2025-05-01T15:24:00Z
384,002039,00,49.52,5,2025-05-01T15:24:00Z
384,002039,09,45.24,5,2025-05-01T15:24:00Z
385,006071,07,58.59,4,2025-05-01T15:25:00Z
385,006071,00,49.52,5,2025-05-01T15:25:00Z
385,006071,03,75.21,1,2025-05-01T15:25:00Z
385,006071,09,45.24,1,2025-05-01T15:25:00Z
386,009797,08,78.12,3,2025-05-01T15:26:00Z
386,009797,01,15.9,3,2025-05-01T15:26:00Z
386,009797,05,34.34,2,2025-05-01T15:26:00Z
386,009797,06,15.55,2,2025-05-01T15:26:00Z
386,009797,02,73.28,2,2025-05-01T15:26:00Z
386,009797,03,75.21,4,2025-05-01T15:26:00Z
386,009797,04,44.36,2,2025-05-01T15:26:00Z
387,002835,01,15.9,2,2025-05-01T15:27:00Z
387,002835,06,15.55,2,2025-05-01T15:27:00Z
387,002835,02,73.28,1,2025-05-01T15:27:00Z
387,002835,05,34.34,3,2025-05-01T15:27:00Z
387,002835,04,44.36,3,2025-05-01T15:27:00Z
387,002835,09,45.24,1,2025-05-01T15:27:00Z
387,002835,03,75.21,1,2025-05-01T15:27:00Z
387,002835,08,78.12,1,2025-05-01T15:27:00Z
388,001255,00,49.52,5,2025-05-01T15:28:00Z
388,001255,09,45.24,4,2025-05-01T15:28:00Z
388,001255,03,75.21,1,2025-05-01T15:28:00Z
389,002769,03,75.21,5,2025-05-01T15:29:00Z
389,002769,00,49.52,3,2025-05-01T15:29:00Z
389,002769,06,15.55,4,2025-05-01T15:29:00Z
390,002845,06,15.55,1,2025-05-01T15:30:00Z
390,002845,05,34.34,1,2025-05-01T15:30:00Z
390,002845,01,15.9,4,2025-05-01T15:30:00Z
390,002845,04,44.36,5,2025-05-01T15:30:00Z
391,008727,06,15.55,4,2025-05-01T15:31:00Z
391,008727,03,75.21,1,2025-05-01T15:31:00Z
391,008727,09,45.24,5,2025-05-01T15:31:00Z
391,008727,04,44.36,3,2025-05-01T15:31:00Z
391,008727,02,73.28,2,2025-05-01T15:31:00Z
392,002965,06,15.55,3,2025-05-01T15:32:00Z
392,002965,00,49.52,5,2025-05-01T15:32:00Z
392,002965,09,45.24,3,2025-05-01T15:32:00Z
392,002965,01,15.9,2,2025-05-01T15:32:00Z
392,002965,07,58.59,4,2025-05-01T15:32:00Z
392,002965,04,44.36,2,2025-05-01T15:32:00Z
392,002965,03,75.21,4,2025-05-01T15:32:00Z
392,002965,05,34.34,3,2025-05-01T15:32:00Z
393,001251,00,49.52,2,2025-05-01T15:33:00Z
393,001251,01,15.9,5,2025-05-01T15:33:00Z
393,001251,02,73.28,5,2025-05-01T15:33:00Z
395,003440,00,49.52,5,2025-05-01T15:35:00Z
396,006201,05,34.34,4,2025-05-01T15:36:00Z
396,006201,06,15.55,3,2025-05-01T15:36:00Z
396,006201,09,45.24,5,2025-05-01T15:36:00Z
397,009008,08,78.12,1,2025-05-01T15:37:00Z
397,009008,09,45.24,2,2025-05-01T15:37:00Z
397,009008,07,58.59,3,2025-05-01T15:37:00Z
397,009008,00,49.52,3,2025-05-01T15:37:00Z
397,009008,06,15.55,4,2025-05-01T15:37:00Z
397,009008,05,34.34,3,2025-05-01T15:37:00Z
397,009008,03,75.21,1,2025-05-01T15:37:00Z
398,007037,09,45.24,4,2025-05-01T15:38:00Z
398,007037,02,73.28,4,2025-05-01T15:38:00Z
398,007037,01,15.9,1,2025-05-01T15:38:00Z
398,007037,04,44.36,2,2025-05-01T15:38:00Z
398,007037,07,58.59,1,2025-05-01T15:38:00Z
398,007037,05,34.34,1,2025-05-01T15:38:00Z
399,006513,05,34.34,2,2025-05-01T15:39:00Z
400,005013,00,49.52,2,2025-05-01T15:40:00Z
400,005013,01,15.9,1,2025-05-01T15:40:00Z
400,005013,08,78.12,1,2025-05-01T15:40:00Z
400,005013,06,15.55,4,2025-05-01T15:40:00Z
400,005013,09,45.24,1,2025-05-01T15:40:00Z
400,005013,03,75.21,2,2025-05-01T15:40:00Z
401,006253,04,44.36,3,2025-05-01T15:41:00Z
401,006253,05,34.34,4,2025-05-01T15:41:00Z
401,006253,07,58.59,2,2025-05-01T15:41:00Z
401,006253,03,75.21,3,2025-05-01T15:41:00Z
401,006253,09,45.24,2,2025-05-01T15:41:00Z
401,006253,00,49.52,2,2025-05-01T15:41:00Z
401,006253,08,78.12,2,2025-05-01T15:41:00Z
401,006253,01,15.9,5,2025-05-01T15:41:00Z
402,009902,00,49.52,2,2025-05-01T15:42:00Z
402,009902,05,34.34,1,2025-05-01T15:42:00Z
402,009902,06,15.55,3,2025-05-01T15:42:00Z
402,009902,08,78.12,3,2025-05-01T15:42:00Z
402,009902,01,15.9,3,2025-05-01T15:42:00Z
403,007359,01,15.9,3,2025-05-01T15:43:00Z
403,007359,02,73.28,1,2025-05-01T15:43:00Z
403,007359,07,58.59,4,2025-05-01T15:43:00Z
403,007359,08,78.12,5,2025-05-01T15:43:00Z
404,000297,07,58.59,5,2025-05-01T15:44:00Z
404,000297,09,45.24,4,2025-05-01T15:44:00Z
404,000297,08,78.12,2,2025-05-01T15:44:00Z
404,000297,02,73.28,5,2025-05-01T15:44:00Z
404,000297,01,15.9,4,2025-05-01T15:44:00Z
404,000297,03,75.21,4,2025-05-01T15:44:00Z
404,000297,06,15.55,3,2025-05-01T15:44:00Z
404,000297,04,44.36,5,2025-05-01T15:44:00Z
404,000297,00,49.52,1,2025-05-01T15:44:00Z
405,004096,04,44.36,1,2025-05-01T15:45:00Z
405,004096,07,58.59,1,2025-05-01T15:45:00Z
407,001183,07,58.59,3,2025-05-01T15:47:00Z
407,001183,05,34.34,5,2025-05-01T15:47:00Z
407,001183,09,45.24,1,2025-05-01T15:47:00Z
407,001183,01,15.9,2,2025-05-01T15:47:00Z
407,001183,00,49.52,2,2025-05-01T15:47:00Z
407,001183,06,15.55,2,2025-05-01T15:47:00Z
407,001183,08,78.12,4,2025-05-01T15:47:00Z
407,001183,04,44.36,3,2025-05-01T15:47:00Z
408,008388,00,49.52,2,2025-05-01T15:48:00Z
408,008388,02,73.28,1,2025-05-01T15:48:00Z
408,008388,08,78.12,4,2025-05-01T15:48:00Z
408,008388,06,15.55,3,2025-05-01T15:48:00Z
408,008388,05,34.34,1,2025-05-01T15:48:00Z
408,008388,07,58.59,1,2025-05-01T15:48:00Z
409,008469,09,45.24,5,2025-05-01T15:49:00Z
409,008469,02,73.28,4,2025-05-01T15:49:00Z
409,008469,01,15.9,1,2025-05-01T15:49:00Z
409,008469,06,15.55,5,2025-05-01T15:49:00Z
410,001922,05,34.34,3,2025-05-01T15:50:00Z
410,001922,01,15.9,5,2025-05-01T15:50:00Z
410,001922,09,45.24,5,2025-05-01T15:50:00Z
410,001922,00,49.52,3,2025-05-01T15:50:00Z
411,001189,04,44.36,1,2025-05-01T15:51:00Z
411,001189,05,34.34,2,2025-05-01T15:51:00Z
411,001189,09,45.24,3,2025-05-01T15:51:00Z
411,001189,06,15.55,2,2025-05-01T15:51:00Z
412,001096,01,15.9,2,2025-05-01T15:52:00Z
412,001096,06,15.55,5,2025-05-01T15:52:00Z
412,001096,03,75.21,4,2025-05-01T15:52:00Z
412,001096,05,34.34,3,2025-05-01T15:52:00Z
414,008103,06,15.55,5,2025-05-01T15:54:00Z
414,008103,04,44.36,4,2025-05-01T15:54:00Z
414,008103,08,78.12,1,2025-05-01T15:54:00Z
414,008103,05,34.34,4,2025-05-01T15:54:00Z
414,008103,02,73.28,3,2025-05-01T15:54:00Z
414,008103,00,49.52,4,2025-05-01T15:54:00Z
414,008103,09,45.24,5,2025-05-01T15:54:00Z
414,008103,07,58.59,1,2025-05-01T15:54:00Z
414,008103,01,15.9,2,2025-05-01T15:54:00Z
415,009385,09,45.24,3,2025-05-01T15:55:00Z
415,009385,06,15.55,3,2025-05-01T15:55:00Z
416,000147,06,15.55,4,2025-05-01T15:56:00Z
416,000147,09,45.24,3,2025-05-01T15:56:00Z
417,008988,08,78.12,5,2025-05-01T15:57:00Z
417,008988,00,49.52,1,2025-05-01T15:57:00Z
417,008988,05,34.34,1,2025-05-01T15:57:00Z
417,008988,09,45.24,4,2025-05-01T15:57:00Z
417,008988,03,75.21,2,2025-05-01T15:57:00Z
417,008988,04,44.36,2,2025-05-01T15:57:00Z
417,008988,06,15.55,2,2025-05-01T15:57:00Z
417,008988,02,73.28,1,2025-05-01T15:57:00Z
418,001994,03,75.21,2,2025-05-01T15:58:00Z
418,001994,09,45.24,2,2025-05-01T15:58:00Z
418,001994,06,15.55,4,2025-05-01T15:58:00Z
418,001994,01,15.9,2,2025-05-01T15:58:00Z
418,001994,00,49.52,1,2025-05-01T15:58:00Z
418,001994,05,34.34,1,2025-05-01T15:58:00Z
418,001994,02,73.28,4,2025-05-01T15:58:00Z
419,008251,08,78.12,1,2025-05-01T15:59:00Z
419,008251,04,44.36,5,2025-05-01T15:59:00Z
420,001108,05,34.34,1,2025-05-01T16:00:00Z
420,001108,08,78.12,3,2025-05-01T16:00:00Z
420,001108,07,58.59,2,2025-05-01T16:00:00Z
420,001108,09,45.24,1,2025-05-01T16:00:00Z
420,001108,01,15.9,5,2025-05-01T16:00:00Z
420,001108,00,49.52,1,2025-05-01T16:00:00Z
420,001108,04,44.36,2,2025-05-01T16:00:00Z
422,007969,04,44.36,3,2025-05-01T16:02:00Z
423,009254,04,44.36,5,2025-05-01T16:03:00Z
424,003855,02,73.28,2,2025-05-01T16:04:00Z
425,005676,07,58.59,2,2025-05-01T16:05:00Z
425,005676,03,75.21,2,2025-05-01T16:05:00Z
425,005676,09,45.24,4,2025-05-01T16:05:00Z
425,005676,04,44.36,2,2025-05-01T16:05:00Z
426,005136,03,75.21,3,2025-05-01T16:06:00Z
426,005136,06,15.55,3,2025-05-01T16:06:00Z
426,005136,04,44.36,2,2025-05-01T16:06:00Z
426,005136,01,15.9,3,2025-05-01T16:06:00Z
427,001545,01,15.9,1,2025-05-01T16:07:00Z
427,001545,06,15.55,5,2025-05-01T16:07:00Z
427,001545,02,73.28,1,2025-05-01T16:07:00Z
427,001545,09,45.24,5,2025-05-01T16:07:00Z
427,001545,00,49.52,5,2025-05-01T16:07:00Z
427,001545,03,75.21,1,2025-05-01T16:07:00Z
428,002114,03,75.21,1,2025-05-01T16:08:00Z
428,002114,06,15.55,3,2025-05-01T16:08:00Z
428,002114,05,34.34,4,2025-05-01T16:08:00Z
428,002114,00,49.52,3,2025-05-01T16:08:00Z
428,002114,02,73.28,3,2025-05-01T16:08:00Z
428,002114,09,45.24,3,2025-05-01T16:08:00Z
428,002114,07,58.59,3,2025-05-01T16:08:00Z
428,002114,01,15.9,1,2025-05-01T16:08:00Z
429,004789,00,49.52,1,2025-05-01T16:09:00Z
429,004789,05,34.34,2,2025-05-01T16:09:00Z
429,004789,03,75.21,2,2025-05-01T16:09:00Z
429,004789,06,15.55,2,2025-05-01T16:09:00Z
429,004789,08,78.12,5,2025-05-01T16:09:00Z
429,004789,07,58.59,3,2025-05-01T16:09:00Z
429,004789,01,15.9,3,2025-05-01T16:09:00Z
429,004789,04,44.36,1,2025-05-01T16:09:00Z
430,007146,02,73.28,5,2025-05-01T16:10:00Z
430,007146,00,49.52,4,2025-05-01T16:10:00Z
430,007146,05,34.34,4,2025-05-01T16:10:00Z
432,003234,09,45.24,2,2025-05-01T16:12:00Z
432,003234,00,49.52,1,2025-05-01T16:12:00Z
432,003234,08,78.12,4,2025-05-01T16:12:00Z
433,000051,06,15.55,1,2025-05-01T16:13:00Z
433,000051,05,34.34,4,2025-05-01T16:13:00Z
433,000051,09,45.24,2,2025-05-01T16:13:00Z
433,000051,01,15.9,4,2025-05-01T16:13:00Z
434,006161,01,15.9,5,2025-05-01T16:14:00Z
434,006161,07,58.59,2,2025-05-01T16:14:00Z
434,006161,06,15.55,3,2025-05-01T16:14:00Z
434,006161,03,75.21,4,2025-05-01T16:14:00Z
434,006161,00,49.52,1,2025-05-01T16:14:00Z
434,006161,09,45.24,1,2025-05-01T16:14:00Z
434,006161,08,78.12,4,2025-05-01T16:14:00Z
434,006161,04,44.36,1,2025-05-01T16:14:00Z
435,003594,03,75.21,1,2025-05-01T16:15:00Z
435,003594,02,73.28,4,2025-05-01T16:15:00Z
435,003594,05,34.34,5,2025-05-01T16:15:00Z
435,003594,09,45.24,2,2025-05-01T16:15:00Z
435,003594,06,15.55,1,2025-05-01T16:15:00Z
435,003594,04,44.36,3,2025-05-01T16:15:00Z
435,003594,00,49.52,4,2025-05-01T16:15:00Z
436,001758,07,58.59,2,2025-05-01T16:16:00Z
436,001758,08,78.12,2,2025-05-01T16:16:00Z
436,001758,05,34.34,1,2025-05-01T16:16:00Z
436,001758,00,49.52,2,2025-05-01T16:16:00Z
436,001758,06,15.55,1,2025-05-01T16:16:00Z
436,001758,09,45.24,1,2025-05-01T16:16:00Z
436,001758,02,73.28,2,2025-05-01T16:16:00Z
436,001758,03,75.21,4,2025-05-01T16:16:00Z
436,001758,01,15.9,4,2025-05-01T16:16:00Z
437,000504,04,44.36,3,2025-05-01T16:17:00Z
437,000504,06,15.55,1,2025-05-01T16:17:00Z
437,000504,08,78.12,4,2025-05-01T16:17:00Z
438,002671,00,49.52,4,2025-05-01T16:18:00Z
438,002671,01,15.9,4,2025-05-01T16:18:00Z
438,002671,06,15.55,3,2025-05-01T16:18:00Z
438,002671,04,44.36,2,2025-05-01T16:18:00Z
439,000691,03,75.21,2,2025-05-01T16:19:00Z
439,000691,05,34.34,2,2025-05-01T16:19:00Z
439,000691,09,45.24,4,2025-05-01T16:19:00Z
439,000691,02,73.28,5,2025-05-01T16:19:00Z
439,000691,00,49.52,3,2025-05-01T16:19:00Z
440,008978,02,73.28,2,2025-05-01T16:20:00Z
440,008978,03,75.21,3,2025-05-01T16:20:00Z
440,008978,04,44.36,2,2025-05-01T16:20:00Z
440,008978,07,58.59,1,2025-05-01T16:20:00Z
440,008978,05,34.34,1,2025-05-01T16:20:00Z
440,008978,06,15.55,3,2025-05-01T16:20:00Z
440,008978,08,78.12,4,2025-05-01T16:20:00Z
440,008978,09,45.24,5,2025-05-01T16:20:00Z
440,008978,01,15.9,3,2025-05-01T16:20:00Z
441,007390,08,78.12,4,2025-05-01T16:21:00Z
441,007390,00,49.52,1,2025-05-01T16:21:00Z
441,007390,04,44.36,2,2025-05-01T16:21:00Z
441,007390,06,15.55,4,2025-05-01T16:21:00Z
441,007390,09,45.24,3,2025-05-01T16:21:00Z
441,007390,05,34.34,4,2025-05-01T16:21:00Z
441,007390,01,15.9,5,2025-05-01T16:21:00Z
442,005066,00,49.52,5,2025-05-01T16:22:00Z
442,005066,01,15.9,2,2025-05-01T16:22:00Z
442,005066,04,44.36,3,2025-05-01T16:22:00Z
442,005066,03,75.21,3,2025-05-01T16:22:00Z
442,005066,06,15.55,2,2025-05-01T16:22:00Z
442,005066,07,58.59,3,2025-05-01T16:22:00Z
442,005066,05,34.34,1,2025-05-01T16:22:00Z
443,001056,00,49.52,5,2025-05-01T16:23:00Z
444,003434,00,49.52,5,2025-05-01T16:24:00Z
444,003434,05,34.34,2,2025-05-01T16:24:00Z
444,003434,08,78.12,4,2025-05-01T16:24:00Z
444,003434,03,75.21,1,2025-05-01T16:24:00Z
444,003434,09,45.24,3,2025-05-01T16:24:00Z
445,009248,07,58.59,5,2025-05-01T16:25:00Z
445,009248,04,44.36,5,2025-05-01T16:25:00Z
445,009248,05,34.34,5,2025-05-01T16:25:00Z
445,009248,08,78.12,3,2025-05-01T16:25:00Z
445,009248,00,49.52,3,2025-05-01T16:25:00Z
445,009248,02,73.28,2,2025-05-01T16:25:00Z
445,009248,03,75.21,3,2025-05-01T16:25:00Z
445,009248,06,15.55,3,2025-05-01T16:25:00Z
446,004269,04,44.36,3,2025-05-01T16:26:00Z
446,004269,07,58.59,2,2025-05-01T16:26:00Z
446,004269,06,15.55,4,2025-05-01T16:26:00Z
446,004269,09,45.24,4,2025-05-01T16:26:00Z
446,004269,00,49.52,3,2025-05-01T16:26:00Z
446,004269,05,34.34,3,2025-05-01T16:26:00Z
446,004269,08,78.12,4,2025-05-01T16:26:00Z
448,008768,04,44.36,2,2025-05-01T16:28:00Z
448,008768,05,34.34,1,2025-05-01T16:28:00Z
449,005956,04,44.36,4,2025-05-01T16:29:00Z
449,005956,05,34.34,1,2025-05-01T16:29:00Z
449,005956,03,75.21,5,2025-05-01T16:29:00Z
449,005956,07,58.59,1,2025-05-01T16:29:00Z
449,005956,08,78.12,5,2025-05-01T16:29:00Z
449,005956,00,49.52,2,2025-05-01T16:29:00Z
449,005956,02,73.28,2,2025-05-01T16:29:00Z
449,005956,09,45.24,2,2025-05-01T16:29:00Z
449,005956,01,15.9,3,2025-05-01T16:29:00Z
450,002109,05,34.34,1,2025-05-01T16:30:00Z
450,002109,04,44.36,4,2025-05-01T16:30:00Z
451,000587,07,58.59,4,2025-05-01T16:31:00Z
451,000587,06,15.55,2,2025-05-01T16:31:00Z
451,000587,04,44.36,4,2025-05-01T16:31:00Z
451,000587,00,49.52,5,2025-05-01T16:31:00Z
451,000587,05,34.34,2,2025-05-01T16:31:00Z
451,000587,08,78.12,2,2025-05-01T16:31:00Z
454,001126,00,49.52,3,2025-05-01T16:34:00Z
454,001126,02,73.28,2,2025-05-01T16:34:00Z
454,001126,05,34.34,4,2025-05-01T16:34:00Z
454,001126,08,78.12,1,2025-05-01T16:34:00Z
454,001126,01,15.9,5,2025-05-01T16:34:00Z
454,001126,03,75.21,1,2025-05-01T16:34:00Z
454,001126,04,44.36,1,2025-05-01T16:34:00Z
455,001730,07,58.59,1,2025-05-01T16:35:00Z
455,001730,08,78.12,5,2025-05-01T16:35:00Z
455,001730,03,75.21,2,2025-05-01T16:35:00Z
455,001730,02,73.28,4,2025-05-01T16:35:00Z
455,001730,04,44.36,1,2025-05-01T16:35:00Z
457,005886,02,73.28,5,2025-05-01T16:37:00Z
457,005886,01,15.9,3,2025-05-01T16:37:00Z
457,005886,09,45.24,4,2025-05-01T16:37:00Z
457,005886,08,78.12,5,2025-05-01T16:37:00Z
457,005886,03,75.21,5,2025-05-01T16:37:00Z
457,005886,06,15.55,3,2025-05-01T16:37:00Z
457,005886,05,34.34,3,2025-05-01T16:37:00Z
458,003478,02,73.28,4,2025-05-01T16:38:00Z
458,003478,08,78.12,5,2025-05-01T16:38:00Z
458,003478,00,49.52,2,2025-05-01T16:38:00Z
458,003478,03,75.21,4,2025-05-01T16:38:00Z
458,003478,04,44.36,3,2025-05-01T16:38:00Z
459,003804,03,75.21,2,2025-05-01T16:39:00Z
459,003804,08,78.12,2,2025-05-01T16:39:00Z
459,003804,04,44.36,2,2025-05-01T16:39:00Z
459,003804,09,45.24,2,2025-05-01T16:39:00Z
459,003804,02,73.28,2,2025-05-01T16:39:00Z
459,003804,07,58.59,1,2025-05-01T16:39:00Z
459,003804,06,15.55,5,2025-05-01T16:39:00Z
460,002458,03,75.21,4,2025-05-01T16:40:00Z
460,002458,00,49.52,2,2025-05-01T16:40:00Z
460,002458,05,34.34,2,2025-05-01T16:40:00Z
460,002458,09,45.24,1,2025-05-01T16:40:00Z
460,002458,02,73.28,4,2025-05-01T16:40:00Z
460,002458,06,15.55,5,2025-05-01T16:40:00Z
460,002458,08,78.12,2,2025-05-01T16:40:00Z
460,002458,01,15.9,3,2025-05-01T16:40:00Z
461,001710,02,73.28,4,2025-05-01T16:41:00Z
461,001710,03,75.21,3,2025-05-01T16:41:00Z
461,001710,05,34.34,1,2025-05-01T16:41:00Z
461,001710,06,15.55,5,2025-05-01T16:41:00Z
461,001710,09,45.24,5,2025-05-01T16:41:00Z
461,001710,08,78.12,4,2025-05-01T16:41:00Z
462,007294,07,58.59,4,2025-05-01T16:42:00Z
462,007294,04,44.36,5,2025-05-01T16:42:00Z
462,007294,09,45.24,2,2025-05-01T16:42:00Z
462,007294,00,49.52,1,2025-05-01T16:42:00Z
462,007294,06,15.55,4,2025-05-01T16:42:00Z
463,002385,06,15.55,3,2025-05-01T16:43:00Z
464,008637,06,15.55,1,2025-05-01T16:44:00Z
464,008637,02,73.28,4,2025-05-01T16:44:00Z
464,008637,01,15.9,4,2025-05-01T16:44:00Z
464,008637,00,49.52,5,2025-05-01T16:44:00Z
464,008637,03,75.21,5,2025-05-01T16:44:00Z
465,009562,01,15.9,1,2025-05-01T16:45:00Z
465,009562,00,49.52,1,2025-05-01T16:45:00Z
465,009562,04,44.36,4,2025-05-01T16:45:00Z
465,009562,03,75.21,2,2025-05-01T16:45:00Z
465,009562,07,58.59,2,2025-05-01T16:45:00Z
465,009562,08,78.12,4,2025-05-01T16:45:00Z
465,009562,02,73.28,3,2025-05-01T16:45:00Z
466,003647,09,45.24,4,2025-05-01T16:46:00Z
466,003647,08,78.12,5,2025-05-01T16:46:00Z
466,003647,03,75.21,4,2025-05-01T16:46:00Z
466,003647,02,73.28,5,2025-05-01T16:46:00Z
466,003647,04,44.36,3,2025-05-01T16:46:00Z
467,002879,01,15.9,4,2025-05-01T16:47:00Z
468,006402,01,15.9,2,2025-05-01T16:48:00Z
468,006402,06,15.55,5,2025-05-01T16:48:00Z
468,006402,08,78.12,1,2025-05-01T16:48:00Z
468,006402,03,75.21,5,2025-05-01T16:48:00Z
468,006402,04,44.36,3,2025-05-01T16:48:00Z
468,006402,02,73.28,4,2025-05-01T16:48:00Z
468,006402,07,58.59,3,2025-05-01T16:48:00Z
468,006402,00,49.52,2,2025-05-01T16:48:00Z
469,006283,05,34.34,2,2025-05-01T16:49:00Z
469,006283,09,45.24,1,2025-05-01T16:49:00Z
470,002049,00,49.52,5,2025-05-01T16:50:00Z
470,002049,06,15.55,1,2025-05-01T16:50:00Z
470,002049,01,15.9,5,2025-05-01T16:50:00Z
470,002049,09,45.24,3,2025-05-01T16:50:00Z
470,002049,05,34.34,1,2025-05-01T16:50:00Z
470,002049,02,73.28,1,2025-05-01T16:50:00Z
471,009687,02,73.28,1,2025-05-01T16:51:00Z
471,009687,06,15.55,2,2025-05-01T16:51:00Z
471,009687,05,34.34,4,2025-05-01T16:51:00Z
471,009687,04,44.36,5,2025-05-01T16:51:00Z
471,009687,03,75.21,1,2025-05-01T16:51:00Z
471,009687,00,49.52,1,2025-05-01T16:51:00Z
471,009687,08,78.12,2,2025-05-01T16:51:00Z
471,009687,01,15.9,3,2025-05-01T16:51:00Z
472,002312,00,49.52,3,2025-05-01T16:52:00Z
472,002312,08,78.12,3,2025-05-01T16:52:00Z
472,002312,05,34.34,1,2025-05-01T16:52:00Z
472,002312,01,15.9,1,2025-05-01T16:52:00Z
472,002312,03,75.21,2,2025-05-01T16:52:00Z
473,004330,09,45.24,4,2025-05-01T16:53:00Z
473,004330,06,15.55,1,2025-05-01T16:53:00Z
473,004330,07,58.59,3,2025-05-01T16:53:00Z
473,004330,08,78.12,2,2025-05-01T16:53:00Z
473,004330,01,15.9,1,2025-05-01T16:53:00Z
473,004330,05,34.34,2,2025-05-01T16:53:00Z
473,004330,02,73.28,4,2025-05-01T16:53:00Z
474,009201,05,34.34,3,2025-05-01T16:54:00Z
475,003292,02,73.28,1,2025-05-01T16:55:00Z
475,003292,03,75.21,2,2025-05-01T16:55:00Z
475,003292,07,58.59,3,2025-05-01T16:55:00Z
475,003292,00,49.52,5,2025-05-01T16:55:00Z
475,003292,08,78.12,3,2025-05-01T16:55:00Z
475,003292,06,15.55,2,2025-05-01T16:55:00Z
475,003292,05,34.34,4,2025-05-01T16:55:00Z
475,003292,09,45.24,5,2025-05-01T16:55:00Z
475,003292,01,15.9,2,2025-05-01T16:55:00Z
476,002122,09,45.24,5,2025-05-01T16:56:00Z
476,002122,04,44.36,3,2025-05-01T16:56:00Z
476,002122,06,15.55,3,2025-05-01T16:56:00Z
476,002122,02,73.28,1,2025-05-01T16:56:00Z
476,002122,08,78.12,1,2025-05-01T16:56:00Z
476,002122,01,15.9,5,2025-05-01T16:56:00Z
476,002122,05,34.34,4,2025-05-01T16:56:00Z
476,002122,00,49.52,5,2025-05-01T16:56:00Z
477,009905,01,15.9,1,2025-05-01T16:57:00Z
477,009905,09,45.24,4,2025-05-01T16:57:00Z
477,009905,07,58.59,4,2025-05-01T16:57:00Z
477,009905,06,15.55,5,2025-05-01T16:57:00Z
477,009905,03,75.21,4,2025-05-01T16:57:00Z
477,009905,08,78.12,1,2025-05-01T16:57:00Z
477,009905,02,73.28,1,2025-05-01T16:57:00Z
477,009905,00,49.52,1,2025-05-01T16:57:00Z
477,009905,05,34.34,5,2025-05-01T16:57:00Z
478,000958,00,49.52,4,2025-05-01T16:58:00Z
478,000958,03,75.21,5,2025-05-01T16:58:00Z
478,000958,08,78.12,4,2025-05-01T16:58:00Z
479,002408,06,15.55,4,2025-05-01T16:59:00Z
479,002408,08,78.12,5,2025-05-01T16:59:00Z
479,002408,09,45.24,1,2025-05-01T16:59:00Z
480,003998,05,34.34,2,2025-05-01T17:00:00Z
480,003998,01,15.9,1,2025-05-01T17:00:00Z
480,003998,09,45.24,3,2025-05-01T17:00:00Z
480,003998,07,58.59,5,2025-05-01T17:00:00Z
480,003998,03,75.21,1,2025-05-01T17:00:00Z
480,003998,08,78.12,4,2025-05-01T17:00:00Z
480,003998,00,49.52,3,2025-05-01T17:00:00Z
480,003998,02,73.28,3,2025-05-01T17:00:00Z
481,004797,06,15.55,2,2025-05-01T17:01:00Z
481,004797,00,49.52,1,2025-05-01T17:01:00Z
481,004797,03,75.21,1,2025-05-01T17:01:00Z
481,004797,04,44.36,2,2025-05-01T17:01:00Z
482,003557,09,45.24,4,2025-05-01T17:02:00Z
482,003557,07,58.59,2,2025-05-01T17:02:00Z
482,003557,00,49.52,1,2025-05-01T17:02:00Z
483,005748,02,73.28,2,2025-05-01T17:03:00Z
483,005748,00,49.52,3,2025-05-01T17:03:00Z
483,005748,09,45.24,4,2025-05-01T17:03:00Z
483,005748,07,58.59,1,2025-05-01T17:03:00Z
483,005748,05,34.34,5,2025-05-01T17:03:00Z
483,005748,03,75.21,1,2025-05-01T17:03:00Z
483,005748,01,15.9,3,2025-05-01T17:03:00Z
484,000646,07,58.59,4,2025-05-01T17:04:00Z
484,000646,01,15.9,5,2025-05-01T17:04:00Z
485,004271,06,15.55,5,2025-05-01T17:05:00Z
485,004271,09,45.24,3,2025-05-01T17:05:00Z
485,004271,04,44.36,1,2025-05-01T17:05:00Z
485,004271,03,75.21,1,2025-05-01T17:05:00Z
485,004271,01,15.9,5,2025-05-01T17:05:00Z
485,004271,00,49.52,3,2025-05-01T17:05:00Z
486,006540,07,58.59,4,2025-05-01T17:06:00Z
486,006540,02,73.28,4,2025-05-01T17:06:00Z
486,006540,06,15.55,3,2025-05-01T17:06:00Z
486,006540,09,45.24,5,2025-05-01T17:06:00Z
486,006540,00,49.52,1,2025-05-01T17:06:00Z
486,006540,01,15.9,3,2025-05-01T17:06:00Z
486,006540,05,34.34,1,2025-05-01T17:06:00Z
486,006540,04,44.36,3,2025-05-01T17:06:00Z
487,003634,08,78.12,2,2025-05-01T17:07:00Z
487,003634,09,45.24,2,2025-05-01T17:07:00Z
487,003634,00,49.52,1,2025-05-01T17:07:00Z
487,003634,04,44.36,5,2025-05-01T17:07:00Z
488,009665,07,58.59,1,2025-05-01T17:08:00Z
489,007803,02,73.28,1,2025-05-01T17:09:00Z
489,007803,09,45.24,1,2025-05-01T17:09:00Z
489,007803,03,75.21,5,2025-05-01T17:09:00Z
489,007803,00,49.52,5,2025-05-01T17:09:00Z
489,007803,06,15.55,2,2025-05-01T17:09:00Z
489,007803,01,15.9,5,2025-05-01T17:09:00Z
489,007803,05,34.34,1,2025-05-01T17:09:00Z
489,007803,07,58.59,5,2025-05-01T17:09:00Z
490,002178,08,78.12,1,2025-05-01T17:10:00Z
490,002178,04,44.36,1,2025-05-01T17:10:00Z
490,002178,06,15.55,3,2025-05-01T17:10:00Z
490,002178,05,34.34,3,2025-05-01T17:10:00Z
490,002178,01,15.9,1,2025-05-01T17:10:00Z
491,008325,07,58.59,4,2025-05-01T17:11:00Z
491,008325,00,49.52,5,2025-05-01T17:11:00Z
491,008325,08,78.12,4,2025-05-01T17:11:00Z
491,008325,02,73.28,4,2025-05-01T17:11:00Z
491,008325,05,34.34,3,2025-05-01T17:11:00Z
491,008325,09,45.24,2,2025-05-01T17:11:00Z
491,008325,01,15.9,2,2025-05-01T17:11:00Z
493,006969,06,15.55,4,2025-05-01T17:13:00Z
493,006969,03,75.21,4,2025-05-01T17:13:00Z
493,006969,09,45.24,5,2025-05-01T17:13:00Z
493,006969,01,15.9,2,2025-05-01T17:13:00Z
493,006969,07,58.59,2,2025-05-01T17:13:00Z
493,006969,08,78.12,3,2025-05-01T17:13:00Z
493,006969,04,44.36,4,2025-05-01T17:13:00Z
493,006969,00,49.52,3,2025-05-01T17:13:00Z
494,009744,03,75.21,1,2025-05-01T17:14:00Z
495,006313,04,44.36,5,2025-05-01T17:15:00Z
495,006313,06,15.55,5,2025-05-01T17:15:00Z
496,005256,07,58.59,5,2025-05-01T17:16:00Z
496,005256,02,73.28,4,2025-05-01T17:16:00Z
496,005256,06,15.55,1,2025-05-01T17:16:00Z
497,006417,01,15.9,3,2025-05-01T17:17:00Z
497,006417,07,58.59,4,2025-05-01T17:17:00Z
497,006417,04,44.36,4,2025-05-01T17:17:00Z
497,006417,08,78.12,3,2025-05-01T17:17:00Z
497,006417,06,15.55,5,2025-05-01T17:17:00Z
497,006417,09,45.24,2,2025-05-01T17:17:00Z
497,006417,00,49.52,3,2025-05-01T17:17:00Z
498,001497,00,49.52,4,2025-05-01T17:18:00Z
498,001497,04,44.36,5,2025-05-01T17:18:00Z
498,001497,06,15.55,4,2025-05-01T17:18:00Z
498,001497,02,73.28,4,2025-05-01T17:18:00Z
498,001497,09,45.24,1,2025-05-01T17:18:00Z
499,002482,09,45.24,5,2025-05-01T17:19:00Z
499,002482,06,15.55,2,2025-05-01T17:19:00Z
499,002482,05,34.34,3,2025-05-01T17:19:00Z
499,002482,03,75.21,2,2025-05-01T17:19:00Z
499,002482,08,78.12,3,2025-05-01T17:19:00Z
499,002482,07,58.59,5,2025-05-01T17:19:00Z
